sample_idx,time_sec,fhr_bpm
0,0.000000,95.360825
1,0.414508,95.360825
2,0.829016,95.360825
3,1.243523,95.360825
4,1.658031,95.360825
5,2.072539,95.360825
6,2.487047,95.072165
7,2.901554,94.927835
8,3.316062,94.783505
9,3.730570,94.639175
10,4.145078,94.494845
11,4.559585,93.628866
12,4.974093,93.484536
13,5.388601,93.340206
14,5.803109,93.051546
15,6.217617,92.762887
16,6.632124,92.618557
17,7.046632,91.608247
18,7.461140,91.463918
19,7.875648,91.319588
20,8.290155,91.030928
21,8.704663,90.886598
22,9.119171,90.742268
23,9.533679,90.597938
24,9.948187,90.309278
25,10.362694,89.587629
26,10.777202,89.298969
27,11.191710,89.154639
28,11.606218,88.865979
29,12.020725,88.721649
30,12.435233,88.721649
31,12.849741,88.721649
32,13.264249,88.721649
33,13.678756,88.577320
34,14.093264,88.577320
35,14.507772,88.288660
36,14.922280,87.711340
37,15.336788,87.567010
38,15.751295,87.567010
39,16.165803,87.567010
40,16.580311,87.422680
41,16.994819,87.134021
42,17.409326,86.845361
43,17.823834,86.701031
44,18.238342,86.701031
45,18.652850,86.701031
46,19.067358,86.701031
47,19.481865,86.556701
48,19.896373,86.556701
49,20.310881,85.835052
50,20.725389,85.546392
51,21.139896,85.546392
52,21.554404,85.546392
53,21.968912,85.546392
54,22.383420,85.546392
55,22.797927,85.546392
56,23.212435,85.546392
57,23.626943,85.546392
58,24.041451,85.546392
59,24.455959,85.546392
60,24.870466,85.546392
61,25.284974,85.546392
62,25.699482,85.546392
63,26.113990,85.546392
64,26.528497,85.546392
65,26.943005,85.546392
66,27.357513,85.546392
67,27.772021,85.835052
68,28.186528,86.123711
69,28.601036,86.123711
70,29.015544,86.123711
71,29.430052,86.123711
72,29.844560,86.123711
73,30.259067,86.268041
74,30.673575,86.268041
75,31.088083,86.268041
76,31.502591,86.268041
77,31.917098,86.268041
78,32.331606,86.268041
79,32.746114,86.268041
80,33.160622,86.412371
81,33.575130,86.701031
82,33.989637,86.845361
83,34.404145,86.989691
84,34.818653,86.989691
85,35.233161,86.989691
86,35.647668,86.989691
87,36.062176,87.134021
88,36.476684,87.278351
89,36.891192,88.000000
90,37.305699,88.144330
91,37.720207,88.577320
92,38.134715,90.309278
93,38.549223,90.453608
94,38.963731,90.597938
95,39.378238,92.329897
96,39.792746,92.474227
97,40.207254,92.618557
98,40.621762,92.618557
99,41.036269,93.051546
100,41.450777,93.195876
101,41.865285,93.340206
102,42.279793,93.484536
103,42.694301,95.360825
104,43.108808,95.505155
105,43.523316,95.649485
106,43.937824,97.381443
107,44.352332,97.525773
108,44.766839,97.525773
109,45.181347,97.670103
110,45.595855,98.391753
111,46.010363,98.680412
112,46.424870,98.824742
113,46.839378,100.701031
114,47.253886,100.845361
115,47.668394,100.989691
116,48.082902,101.278351
117,48.497409,102.865979
118,48.911917,103.010309
119,49.326425,103.010309
120,49.740933,103.298969
121,50.155440,103.443299
122,50.569948,103.587629
123,50.984456,103.731959
124,51.398964,104.886598
125,51.813472,105.030928
126,52.227979,105.175258
127,52.642487,105.608247
128,53.056995,105.752577
129,53.471503,105.896907
130,53.886010,105.896907
131,54.300518,106.185567
132,54.715026,107.773196
133,55.129534,107.917526
134,55.544041,108.494845
135,55.958549,109.793814
136,56.373057,109.938144
137,56.787565,109.938144
138,57.202073,109.938144
139,57.616580,109.938144
140,58.031088,109.938144
141,58.445596,110.082474
142,58.860104,110.515464
143,59.274611,111.958763
144,59.689119,112.103093
145,60.103627,112.391753
146,60.518135,113.113402
147,60.932642,113.257732
148,61.347150,113.257732
149,61.761658,113.257732
150,62.176166,113.257732
151,62.590674,113.257732
152,63.005181,113.402062
153,63.419689,113.690722
154,63.834197,113.979381
155,64.248705,113.979381
156,64.663212,114.123711
157,65.077720,115.134021
158,65.492228,115.278351
159,65.906736,115.567010
160,66.321244,116.000000
161,66.735751,116.144330
162,67.150259,116.144330
163,67.564767,116.144330
164,67.979275,116.144330
165,68.393782,116.144330
166,68.808290,116.288660
167,69.222798,117.298969
168,69.637306,117.443299
169,70.051813,117.443299
170,70.466321,117.443299
171,70.880829,117.443299
172,71.295337,117.443299
173,71.709845,117.587629
174,72.124352,117.731959
175,72.538860,119.030928
176,72.953368,120.329897
177,73.367876,120.618557
178,73.782383,122.206186
179,74.196891,122.350515
180,74.611399,122.494845
181,75.025907,124.082474
182,75.440415,127.546392
183,75.854922,127.690722
184,76.269430,127.835052
185,76.683938,129.278351
186,77.098446,131.731959
187,77.512953,131.731959
188,77.927461,131.731959
189,78.341969,131.731959
190,78.756477,131.731959
191,79.170984,131.731959
192,79.585492,131.731959
193,80.000000,131.731959
194,80.414508,131.731959
195,80.829016,131.587629
196,81.243523,131.010309
197,81.658031,130.865979
198,82.072539,130.144330
199,82.487047,129.278351
200,82.901554,128.989691
201,83.316062,128.845361
202,83.730570,128.556701
203,84.145078,128.268041
204,84.559585,128.268041
205,84.974093,128.123711
206,85.388601,127.690722
207,85.803109,127.113402
208,86.217617,126.969072
209,86.632124,126.969072
210,87.046632,126.969072
211,87.461140,126.969072
212,87.875648,126.969072
213,88.290155,126.969072
214,88.704663,126.969072
215,89.119171,126.969072
216,89.533679,126.969072
217,89.948187,126.969072
218,90.362694,126.969072
219,90.777202,126.969072
220,91.191710,126.969072
221,91.606218,126.969072
222,92.020725,126.969072
223,92.435233,126.969072
224,92.849741,126.969072
225,93.264249,126.969072
226,93.678756,126.969072
227,94.093264,126.969072
228,94.507772,126.969072
229,94.922280,126.969072
230,95.336788,126.824742
231,95.751295,124.515464
232,96.165803,124.226804
233,96.580311,124.082474
234,96.994819,122.494845
235,97.409326,122.206186
236,97.823834,122.206186
237,98.238342,122.061856
238,98.652850,121.773196
239,99.067358,118.309278
240,99.481865,118.164948
241,99.896373,117.298969
242,100.310881,116.144330
243,100.725389,116.144330
244,101.139896,115.855670
245,101.554404,114.701031
246,101.968912,110.082474
247,102.383420,109.938144
248,102.797927,109.938144
249,103.212435,109.793814
250,103.626943,109.505155
251,104.041451,106.041237
252,104.455959,105.752577
253,104.870466,104.886598
254,105.284974,102.721649
255,105.699482,102.577320
256,106.113990,102.432990
257,106.528497,100.268041
258,106.943005,98.680412
259,107.357513,98.536082
260,107.772021,98.391753
261,108.186528,98.247423
262,108.601036,96.659794
263,109.015544,96.371134
264,109.430052,96.226804
265,109.844560,95.938144
266,110.259067,95.649485
267,110.673575,95.505155
268,111.088083,95.360825
269,111.502591,94.494845
270,111.917098,94.350515
271,112.331606,94.350515
272,112.746114,94.206186
273,113.160622,93.917526
274,113.575130,93.773196
275,113.989637,93.628866
276,114.404145,92.041237
277,114.818653,91.608247
278,115.233161,91.608247
279,115.647668,91.319588
280,116.062176,90.453608
281,116.476684,89.587629
282,116.891192,89.587629
283,117.305699,89.587629
284,117.720207,89.443299
285,118.134715,89.443299
286,118.549223,89.443299
287,118.963731,89.154639
288,119.378238,88.577320
289,119.792746,88.432990
290,120.207254,88.144330
291,120.621762,87.855670
292,121.036269,87.711340
293,121.450777,87.567010
294,121.865285,87.567010
295,122.279793,87.567010
296,122.694301,87.567010
297,123.108808,87.567010
298,123.523316,87.567010
299,123.937824,87.567010
300,124.352332,87.567010
301,124.766839,87.567010
302,125.181347,87.567010
303,125.595855,87.711340
304,126.010363,87.711340
305,126.424870,87.711340
306,126.839378,87.711340
307,127.253886,87.711340
308,127.668394,87.711340
309,128.082902,87.711340
310,128.497409,85.690722
311,128.911917,85.546392
312,129.326425,85.402062
313,129.740933,85.257732
314,130.155440,78.762887
315,130.569948,68.515464
316,130.984456,67.938144
317,131.398964,67.649485
318,131.813472,67.649485
319,132.227979,67.360825
320,132.642487,63.319588
321,133.056995,80.206186
322,133.471503,96.948454
323,133.886010,96.804124
324,134.300518,96.659794
325,134.715026,96.515464
326,135.129534,96.515464
327,135.544041,96.226804
328,135.958549,94.494845
329,136.373057,94.350515
330,136.787565,94.350515
331,137.202073,94.350515
332,137.616580,94.350515
333,138.031088,94.350515
334,138.445596,94.350515
335,138.860104,94.350515
336,139.274611,94.350515
337,139.689119,94.350515
338,140.103627,94.350515
339,140.518135,94.350515
340,140.932642,94.350515
341,141.347150,94.350515
342,141.761658,98.103093
343,142.176166,98.103093
344,142.590674,98.103093
345,143.005181,98.103093
346,143.419689,98.103093
347,143.834197,98.247423
348,144.248705,98.391753
349,144.663212,99.113402
350,145.077720,101.567010
351,145.492228,103.298969
352,145.906736,103.443299
353,146.321244,103.587629
354,146.735751,103.876289
355,147.150259,106.329897
356,147.564767,106.329897
357,147.979275,106.474227
358,148.393782,106.762887
359,148.808290,109.505155
360,149.222798,109.793814
361,149.637306,112.391753
362,150.051813,112.536082
363,150.466321,112.680412
364,150.880829,113.690722
365,151.295337,113.835052
366,151.709845,113.835052
367,152.124352,113.979381
368,152.538860,114.412371
369,152.953368,114.412371
370,153.367876,114.412371
371,153.782383,114.412371
372,154.196891,114.412371
373,154.611399,114.556701
374,155.025907,114.701031
375,155.440415,117.731959
376,155.854922,117.876289
377,156.269430,118.020619
378,156.683938,118.597938
379,157.098446,118.742268
380,157.512953,119.030928
381,157.927461,119.752577
382,158.341969,119.896907
383,158.756477,120.041237
384,159.170984,121.917526
385,159.585492,122.061856
386,160.000000,122.061856
387,160.414508,122.350515
388,160.829016,123.938144
389,161.243523,124.226804
390,161.658031,124.515464
391,162.072539,124.659794
392,162.487047,124.659794
393,162.901554,124.659794
394,163.316062,124.804124
395,163.730570,124.804124
396,164.145078,124.804124
397,164.559585,124.948454
398,164.974093,125.958763
399,165.388601,126.247423
400,165.803109,127.835052
401,166.217617,127.979381
402,166.632124,127.979381
403,167.046632,127.979381
404,167.461140,127.979381
405,167.875648,127.979381
406,168.290155,127.979381
407,168.704663,127.979381
408,169.119171,127.690722
409,169.533679,127.546392
410,169.948187,127.546392
411,170.362694,127.546392
412,170.777202,127.546392
413,171.191710,127.402062
414,171.606218,127.402062
415,172.020725,127.402062
416,172.435233,127.402062
417,172.849741,127.402062
418,173.264249,127.402062
419,173.678756,127.402062
420,174.093264,127.402062
421,174.507772,127.402062
422,174.922280,127.402062
423,175.336788,127.402062
424,175.751295,127.402062
425,176.165803,127.402062
426,176.580311,127.402062
427,176.994819,127.402062
428,177.409326,127.402062
429,177.823834,127.402062
430,178.238342,127.402062
431,178.652850,127.402062
432,179.067358,127.402062
433,179.481865,127.402062
434,179.896373,127.402062
435,180.310881,127.402062
436,180.725389,127.402062
437,181.139896,127.402062
438,181.554404,127.402062
439,181.968912,127.402062
440,182.383420,127.402062
441,182.797927,127.402062
442,183.212435,125.958763
443,183.626943,125.670103
444,184.041451,125.525773
445,184.455959,125.525773
446,184.870466,125.525773
447,185.284974,125.525773
448,185.699482,125.525773
449,186.113990,125.381443
450,186.528497,125.237113
451,186.943005,124.948454
452,187.357513,124.804124
453,187.772021,123.938144
454,188.186528,123.649485
455,188.601036,123.505155
456,189.015544,123.505155
457,189.430052,123.505155
458,189.844560,123.505155
459,190.259067,123.505155
460,190.673575,123.360825
461,191.088083,123.072165
462,191.502591,122.783505
463,191.917098,122.639175
464,192.331606,122.350515
465,192.746114,121.628866
466,193.160622,121.484536
467,193.575130,121.195876
468,193.989637,120.474227
469,194.404145,119.608247
470,194.818653,119.608247
471,195.233161,119.608247
472,195.647668,119.608247
473,196.062176,119.608247
474,196.476684,119.608247
475,196.891192,119.608247
476,197.305699,119.608247
477,197.720207,119.608247
478,198.134715,119.608247
479,198.549223,119.608247
480,198.963731,119.608247
481,199.378238,119.608247
482,199.792746,119.608247
483,200.207254,119.608247
484,200.621762,119.463918
485,201.036269,119.463918
486,201.450777,118.597938
487,201.865285,117.587629
488,202.279793,117.587629
489,202.694301,117.443299
490,203.108808,117.443299
491,203.523316,117.443299
492,203.937824,117.443299
493,204.352332,117.298969
494,204.766839,117.010309
495,205.181347,116.721649
496,205.595855,116.577320
497,206.010363,115.711340
498,206.424870,114.989691
499,206.839378,114.845361
500,207.253886,114.701031
501,207.668394,114.701031
502,208.082902,114.701031
503,208.497409,114.701031
504,208.911917,114.701031
505,209.326425,114.701031
506,209.740933,114.701031
507,210.155440,114.701031
508,210.569948,114.701031
509,210.984456,114.701031
510,211.398964,114.701031
511,211.813472,114.701031
512,212.227979,114.701031
513,212.642487,114.701031
514,213.056995,114.701031
515,213.471503,114.701031
516,213.886010,115.711340
517,214.300518,115.711340
518,214.715026,115.711340
519,215.129534,115.711340
520,215.544041,115.711340
521,215.958549,115.711340
522,216.373057,115.711340
523,216.787565,115.711340
524,217.202073,115.711340
525,217.616580,115.711340
526,218.031088,115.711340
527,218.445596,115.711340
528,218.860104,115.711340
529,219.274611,115.711340
530,219.689119,115.711340
531,220.103627,115.711340
532,220.518135,115.567010
533,220.932642,117.010309
534,221.347150,117.154639
535,221.761658,117.298969
536,222.176166,118.164948
537,222.590674,118.309278
538,223.005181,118.309278
539,223.419689,118.309278
540,223.834197,118.309278
541,224.248705,118.453608
542,224.663212,119.752577
543,225.077720,121.195876
544,225.492228,121.195876
545,225.906736,121.340206
546,226.321244,123.072165
547,226.735751,123.072165
548,227.150259,123.216495
549,227.564767,123.216495
550,227.979275,123.216495
551,228.393782,123.360825
552,228.808290,124.371134
553,229.222798,124.515464
554,229.637306,124.515464
555,230.051813,124.515464
556,230.466321,124.515464
557,230.880829,124.659794
558,231.295337,124.804124
559,231.709845,125.092784
560,232.124352,125.237113
561,232.538860,125.381443
562,232.953368,126.391753
563,233.367876,126.536082
564,233.782383,126.536082
565,234.196891,126.824742
566,234.611399,127.257732
567,235.025907,127.257732
568,235.440415,127.546392
569,235.854922,128.412371
570,236.269430,128.412371
571,236.683938,128.412371
572,237.098446,128.412371
573,237.512953,128.412371
574,237.927461,128.412371
575,238.341969,128.412371
576,238.756477,128.412371
577,239.170984,128.412371
578,239.585492,128.412371
579,240.000000,130.577320
580,240.414508,130.577320
581,240.829016,130.577320
582,241.243523,130.577320
583,241.658031,130.577320
584,242.072539,130.577320
585,242.487047,130.577320
586,242.901554,130.577320
587,243.316062,130.577320
588,243.730570,130.577320
589,244.145078,130.577320
590,244.559585,130.577320
591,244.974093,130.577320
592,245.388601,130.577320
593,245.803109,130.577320
594,246.217617,130.577320
595,246.632124,130.721649
596,247.046632,130.865979
597,247.461140,131.298969
598,247.875648,131.443299
599,248.290155,131.443299
600,248.704663,131.443299
601,249.119171,131.443299
602,249.533679,131.587629
603,249.948187,132.597938
604,250.362694,132.742268
605,250.777202,132.742268
606,251.191710,132.742268
607,251.606218,132.742268
608,252.020725,132.742268
609,252.435233,132.742268
610,252.849741,132.742268
611,253.264249,132.742268
612,253.678756,132.742268
613,254.093264,132.742268
614,254.507772,132.742268
615,254.922280,132.742268
616,255.336788,132.742268
617,255.751295,132.742268
618,256.165803,132.309278
619,256.580311,132.164948
620,256.994819,132.164948
621,257.409326,132.164948
622,257.823834,132.164948
623,258.238342,132.164948
624,258.652850,132.164948
625,259.067358,132.164948
626,259.481865,132.164948
627,259.896373,132.164948
628,260.310881,132.164948
629,260.725389,132.164948
630,261.139896,132.164948
631,261.554404,132.164948
632,261.968912,132.164948
633,262.383420,132.164948
634,262.797927,131.876289
635,263.212435,131.587629
636,263.626943,131.443299
637,264.041451,131.443299
638,264.455959,131.443299
639,264.870466,131.443299
640,265.284974,131.443299
641,265.699482,131.443299
642,266.113990,131.443299
643,266.528497,131.443299
644,266.943005,131.298969
645,267.357513,131.154639
646,267.772021,130.721649
647,268.186528,129.422680
648,268.601036,129.278351
649,269.015544,129.134021
650,269.430052,128.845361
651,269.844560,126.536082
652,270.259067,126.536082
653,270.673575,126.536082
654,271.088083,126.536082
655,271.502591,126.536082
656,271.917098,126.536082
657,272.331606,126.247423
658,272.746114,128.701031
659,273.160622,128.701031
660,273.575130,128.701031
661,273.989637,128.701031
662,274.404145,128.701031
663,274.818653,128.701031
664,275.233161,125.814433
665,275.647668,123.360825
666,276.062176,123.360825
667,276.476684,123.360825
668,276.891192,123.360825
669,277.305699,123.360825
670,277.720207,123.360825
671,278.134715,123.360825
672,278.549223,123.360825
673,278.963731,123.360825
674,279.378238,123.360825
675,279.792746,123.360825
676,280.207254,123.360825
677,280.621762,123.360825
678,281.036269,123.360825
679,281.450777,123.360825
680,281.865285,123.360825
681,282.279793,123.360825
682,282.694301,123.360825
683,283.108808,123.360825
684,283.523316,123.360825
685,283.937824,123.360825
686,284.352332,123.360825
687,284.766839,123.360825
688,285.181347,123.360825
689,285.595855,121.484536
690,286.010363,119.463918
691,286.424870,119.463918
692,286.839378,119.463918
693,287.253886,119.463918
694,287.668394,119.608247
695,288.082902,119.608247
696,288.497409,119.608247
697,288.911917,119.608247
698,289.326425,119.608247
699,289.740933,119.608247
700,290.155440,119.752577
701,290.569948,119.752577
702,290.984456,119.752577
703,291.398964,119.752577
704,291.813472,119.752577
705,292.227979,119.752577
706,292.642487,119.752577
707,293.056995,119.752577
708,293.471503,119.752577
709,293.886010,119.752577
710,294.300518,119.752577
711,294.715026,119.752577
712,295.129534,119.752577
713,295.544041,119.752577
714,295.958549,119.752577
715,296.373057,119.752577
716,296.787565,119.752577
717,297.202073,119.752577
718,297.616580,119.752577
719,298.031088,119.752577
720,298.445596,119.752577
721,298.860104,119.752577
722,299.274611,119.752577
723,299.689119,119.752577
724,300.103627,119.752577
725,300.518135,120.618557
726,300.932642,111.092784
727,301.347150,107.773196
728,301.761658,107.340206
729,302.176166,107.051546
730,302.590674,106.041237
731,303.005181,103.298969
732,303.419689,103.298969
733,303.834197,103.298969
734,304.248705,103.298969
735,304.663212,103.298969
736,305.077720,103.298969
737,305.492228,103.298969
738,305.906736,103.298969
739,306.321244,103.298969
740,306.735751,103.298969
741,307.150259,104.742268
742,307.564767,104.886598
743,307.979275,105.030928
744,308.393782,105.463918
745,308.808290,111.814433
746,309.222798,111.958763
747,309.637306,119.030928
748,310.051813,119.030928
749,310.466321,119.030928
750,310.880829,119.030928
751,311.295337,119.030928
752,311.709845,119.030928
753,312.124352,119.030928
754,312.538860,119.175258
755,312.953368,119.175258
756,313.367876,119.175258
757,313.782383,119.175258
758,314.196891,119.319588
759,314.611399,120.762887
760,315.025907,121.051546
761,315.440415,121.051546
762,315.854922,121.051546
763,316.269430,121.051546
764,316.683938,121.051546
765,317.098446,121.051546
766,317.512953,121.051546
767,317.927461,121.051546
768,318.341969,121.195876
769,318.756477,122.061856
770,319.170984,122.061856
771,319.585492,122.061856
772,320.000000,122.061856
773,320.414508,122.061856
774,320.829016,122.061856
775,321.243523,122.061856
776,321.658031,122.061856
777,322.072539,122.061856
778,322.487047,122.061856
779,322.901554,122.061856
780,323.316062,122.061856
781,323.730570,122.061856
782,324.145078,122.061856
783,324.559585,123.938144
784,324.974093,124.082474
785,325.388601,124.082474
786,325.803109,124.371134
787,326.217617,125.237113
788,326.632124,125.237113
789,327.046632,125.381443
790,327.461140,125.381443
791,327.875648,125.381443
792,328.290155,125.381443
793,328.704663,125.381443
794,329.119171,125.381443
795,329.533679,125.381443
796,329.948187,125.381443
797,330.362694,125.381443
798,330.777202,125.525773
799,331.191710,125.670103
800,331.606218,127.979381
801,332.020725,127.979381
802,332.435233,127.979381
803,332.849741,127.979381
804,333.264249,128.123711
805,333.678756,128.268041
806,334.093264,128.556701
807,334.507772,128.989691
808,334.922280,128.989691
809,335.336788,128.989691
810,335.751295,128.989691
811,336.165803,128.989691
812,336.580311,128.989691
813,336.994819,128.989691
814,337.409326,128.989691
815,337.823834,128.989691
816,338.238342,128.989691
817,338.652850,129.422680
818,339.067358,129.711340
819,339.481865,130.144330
820,339.896373,130.144330
821,340.310881,130.144330
822,340.725389,130.144330
823,341.139896,130.144330
824,341.554404,130.144330
825,341.968912,130.144330
826,342.383420,130.144330
827,342.797927,129.567010
828,343.212435,129.567010
829,343.626943,129.567010
830,344.041451,129.567010
831,344.455959,129.567010
832,344.870466,129.567010
833,345.284974,129.567010
834,345.699482,129.567010
835,346.113990,129.567010
836,346.528497,129.567010
837,346.943005,128.989691
838,347.357513,128.845361
839,347.772021,128.412371
840,348.186528,128.123711
841,348.601036,128.123711
842,349.015544,128.123711
843,349.430052,128.123711
844,349.844560,128.123711
845,350.259067,128.123711
846,350.673575,128.123711
847,351.088083,128.556701
848,351.502591,128.556701
849,351.917098,128.556701
850,352.331606,128.556701
851,352.746114,128.556701
852,353.160622,128.556701
853,353.575130,126.536082
854,353.989637,121.917526
855,354.404145,121.917526
856,354.818653,121.917526
857,355.233161,121.917526
858,355.647668,121.917526
859,356.062176,121.917526
860,356.476684,121.917526
861,356.891192,121.917526
862,357.305699,121.917526
863,357.720207,121.917526
864,358.134715,121.917526
865,358.549223,117.010309
866,358.963731,116.865979
867,359.378238,116.721649
868,359.792746,116.577320
869,360.207254,116.288660
870,360.621762,111.525773
871,361.036269,106.474227
872,361.450777,101.567010
873,361.865285,96.515464
874,362.279793,94.639175
875,362.694301,94.639175
876,363.108808,94.639175
877,363.523316,94.639175
878,363.937824,94.639175
879,364.352332,94.639175
880,364.766839,94.206186
881,365.181347,95.216495
882,365.595855,96.226804
883,366.010363,96.226804
884,366.424870,96.226804
885,366.839378,96.226804
886,367.253886,96.226804
887,367.668394,96.226804
888,368.082902,96.226804
889,368.497409,96.226804
890,368.911917,94.061856
891,369.326425,93.917526
892,369.740933,93.773196
893,370.155440,93.628866
894,370.569948,93.484536
895,370.984456,93.195876
896,371.398964,93.195876
897,371.813472,93.195876
898,372.227979,93.195876
899,372.642487,93.195876
900,373.056995,93.195876
901,373.471503,93.195876
902,373.886010,93.340206
903,374.300518,93.340206
904,374.715026,93.484536
905,375.129534,94.350515
906,375.544041,95.360825
907,375.958549,96.226804
908,376.373057,97.092784
909,376.787565,98.103093
910,377.202073,98.969072
911,377.616580,99.835052
912,378.031088,100.845361
913,378.445596,101.711340
914,378.860104,102.721649
915,379.274611,103.587629
916,379.689119,104.453608
917,380.103627,105.463918
918,380.518135,106.329897
919,380.932642,106.329897
920,381.347150,106.329897
921,381.761658,106.329897
922,382.176166,106.329897
923,382.590674,106.329897
924,383.005181,108.350515
925,383.419689,116.144330
926,383.834197,116.144330
927,384.248705,116.144330
928,384.663212,116.144330
929,385.077720,116.144330
930,385.492228,116.144330
931,385.906736,116.144330
932,386.321244,116.144330
933,386.735751,116.144330
934,387.150259,116.144330
935,387.564767,116.144330
936,387.979275,116.144330
937,388.393782,116.144330
938,388.808290,122.350515
939,389.222798,122.350515
940,389.637306,122.350515
941,390.051813,122.350515
942,390.466321,122.350515
943,390.880829,122.350515
944,391.295337,122.350515
945,391.709845,122.350515
946,392.124352,122.350515
947,392.538860,122.350515
948,392.953368,122.350515
949,393.367876,122.350515
950,393.782383,122.350515
951,394.196891,122.350515
952,394.611399,122.206186
953,395.025907,122.206186
954,395.440415,122.206186
955,395.854922,122.206186
956,396.269430,122.206186
957,396.683938,122.206186
958,397.098446,122.206186
959,397.512953,122.206186
960,397.927461,122.206186
961,398.341969,122.206186
962,398.756477,122.494845
963,399.170984,122.783505
964,399.585492,125.670103
965,400.000000,125.670103
966,400.414508,125.670103
967,400.829016,125.670103
968,401.243523,125.670103
969,401.658031,125.670103
970,402.072539,125.670103
971,402.487047,125.670103
972,402.901554,125.670103
973,403.316062,125.670103
974,403.730570,125.670103
975,404.145078,125.814433
976,404.559585,126.103093
977,404.974093,126.247423
978,405.388601,126.391753
979,405.803109,126.391753
980,406.217617,126.391753
981,406.632124,126.391753
982,407.046632,126.536082
983,407.461140,127.546392
984,407.875648,127.690722
985,408.290155,127.835052
986,408.704663,127.835052
987,409.119171,127.835052
988,409.533679,127.835052
989,409.948187,127.835052
990,410.362694,127.835052
991,410.777202,127.835052
992,411.191710,127.835052
993,411.606218,127.113402
994,412.020725,127.113402
995,412.435233,126.969072
996,412.849741,126.969072
997,413.264249,126.969072
998,413.678756,126.969072
999,414.093264,126.969072
1000,414.507772,126.969072
1001,414.922280,126.969072
1002,415.336788,126.969072
1003,415.751295,126.536082
1004,416.165803,128.412371
1005,416.580311,128.412371
1006,416.994819,128.412371
1007,417.409326,128.412371
1008,417.823834,128.412371
1009,418.238342,128.412371
1010,418.652850,128.412371
1011,419.067358,128.412371
1012,419.481865,128.412371
1013,419.896373,129.567010
1014,420.310881,129.711340
1015,420.725389,129.711340
1016,421.139896,129.711340
1017,421.554404,129.711340
1018,421.968912,129.855670
1019,422.383420,129.855670
1020,422.797927,129.855670
1021,423.212435,129.855670
1022,423.626943,129.855670
1023,424.041451,129.855670
1024,424.455959,129.855670
1025,424.870466,129.855670
1026,425.284974,129.855670
1027,425.699482,129.855670
1028,426.113990,129.855670
1029,426.528497,130.000000
1030,426.943005,130.288660
1031,427.357513,130.288660
1032,427.772021,130.288660
1033,428.186528,130.288660
1034,428.601036,130.288660
1035,429.015544,130.288660
1036,429.430052,130.288660
1037,429.844560,130.288660
1038,430.259067,130.288660
1039,430.673575,130.288660
1040,431.088083,130.288660
1041,431.502591,130.288660
1042,431.917098,130.432990
1043,432.331606,130.577320
1044,432.746114,130.577320
1045,433.160622,130.577320
1046,433.575130,130.577320
1047,433.989637,130.577320
1048,434.404145,130.577320
1049,434.818653,130.721649
1050,435.233161,132.309278
1051,435.647668,132.309278
1052,436.062176,132.309278
1053,436.476684,132.309278
1054,436.891192,132.309278
1055,437.305699,132.309278
1056,437.720207,132.309278
1057,438.134715,132.309278
1058,438.549223,132.309278
1059,438.963731,132.309278
1060,439.378238,132.309278
1061,439.792746,132.309278
1062,440.207254,132.309278
1063,440.621762,132.309278
1064,441.036269,132.309278
1065,441.450777,132.309278
1066,441.865285,132.309278
1067,442.279793,132.309278
1068,442.694301,132.309278
1069,443.108808,132.309278
1070,443.523316,132.309278
1071,443.937824,132.309278
1072,444.352332,132.164948
1073,444.766839,131.587629
1074,445.181347,131.298969
1075,445.595855,131.298969
1076,446.010363,131.298969
1077,446.424870,131.298969
1078,446.839378,131.298969
1079,447.253886,131.298969
1080,447.668394,131.298969
1081,448.082902,131.298969
1082,448.497409,132.597938
1083,448.911917,132.742268
1084,449.326425,132.742268
1085,449.740933,132.742268
1086,450.155440,132.742268
1087,450.569948,132.742268
1088,450.984456,132.742268
1089,451.398964,132.742268
1090,451.813472,132.742268
1091,452.227979,131.731959
1092,452.642487,131.298969
1093,453.056995,131.154639
1094,453.471503,131.154639
1095,453.886010,131.154639
1096,454.300518,131.154639
1097,454.715026,131.154639
1098,455.129534,131.154639
1099,455.544041,131.154639
1100,455.958549,131.154639
1101,456.373057,130.865979
1102,456.787565,127.690722
1103,457.202073,126.536082
1104,457.616580,122.927835
1105,458.031088,119.319588
1106,458.445596,115.711340
1107,458.860104,112.103093
1108,459.274611,108.494845
1109,459.689119,104.886598
1110,460.103627,101.278351
1111,460.518135,97.670103
1112,460.932642,94.061856
1113,461.347150,90.453608
1114,461.761658,90.453608
1115,462.176166,90.453608
1116,462.590674,90.453608
1117,463.005181,90.453608
1118,463.419689,90.453608
1119,463.834197,90.597938
1120,464.248705,90.742268
1121,464.663212,91.319588
1122,465.077720,96.659794
1123,465.492228,99.835052
1124,465.906736,99.979381
1125,466.321244,101.567010
1126,466.735751,103.587629
1127,467.150259,103.587629
1128,467.564767,103.587629
1129,467.979275,103.587629
1130,468.393782,103.587629
1131,468.808290,103.587629
1132,469.222798,103.587629
1133,469.637306,103.587629
1134,470.051813,103.587629
1135,470.466321,108.783505
1136,470.880829,108.783505
1137,471.295337,108.783505
1138,471.709845,108.783505
1139,472.124352,108.783505
1140,472.538860,108.783505
1141,472.953368,108.783505
1142,473.367876,108.783505
1143,473.782383,108.783505
1144,474.196891,108.783505
1145,474.611399,108.783505
1146,475.025907,108.783505
1147,475.440415,108.783505
1148,475.854922,108.783505
1149,476.269430,108.783505
1150,476.683938,108.783505
1151,477.098446,108.783505
1152,477.512953,108.783505
1153,477.927461,108.783505
1154,478.341969,108.494845
1155,478.756477,104.742268
1156,479.170984,101.278351
1157,479.585492,101.134021
1158,480.000000,100.989691
1159,480.414508,100.845361
1160,480.829016,100.701031
1161,481.243523,100.556701
1162,481.658031,100.556701
1163,482.072539,100.556701
1164,482.487047,100.556701
1165,482.901554,100.412371
1166,483.316062,99.402062
1167,483.730570,99.402062
1168,484.145078,99.402062
1169,484.559585,99.402062
1170,484.974093,99.402062
1171,485.388601,99.402062
1172,485.803109,99.402062
1173,486.217617,99.402062
1174,486.632124,99.402062
1175,487.046632,99.402062
1176,487.461140,97.381443
1177,487.875648,95.360825
1178,488.290155,120.907216
1179,488.704663,146.453608
1180,489.119171,146.453608
1181,489.533679,146.453608
1182,489.948187,144.721649
1183,490.362694,144.577320
1184,490.777202,144.432990
1185,491.191710,144.432990
1186,491.606218,144.432990
1187,492.020725,144.432990
1188,492.435233,144.432990
1189,492.849741,144.432990
1190,493.264249,144.432990
1191,493.678756,144.432990
1192,494.093264,144.577320
1193,494.507772,144.721649
1194,494.922280,145.010309
1195,495.336788,148.041237
1196,495.751295,148.041237
1197,496.165803,148.329897
1198,496.580311,149.917526
1199,496.994819,150.206186
1200,497.409326,150.494845
1201,497.823834,152.082474
1202,498.238342,152.082474
1203,498.652850,152.226804
1204,499.067358,152.226804
1205,499.481865,152.226804
1206,499.896373,152.226804
1207,500.310881,152.226804
1208,500.725389,152.226804
1209,501.139896,152.226804
1210,501.554404,152.515464
1211,501.968912,152.659794
1212,502.383420,152.804124
1213,502.797927,152.948454
1214,503.212435,153.814433
1215,503.626943,153.814433
1216,504.041451,153.814433
1217,504.455959,153.814433
1218,504.870466,153.814433
1219,505.284974,153.814433
1220,505.699482,153.670103
1221,506.113990,153.525773
1222,506.528497,153.525773
1223,506.943005,153.525773
1224,507.357513,153.525773
1225,507.772021,153.525773
1226,508.186528,153.525773
1227,508.601036,153.525773
1228,509.015544,155.835052
1229,509.430052,155.835052
1230,509.844560,155.835052
1231,510.259067,155.835052
1232,510.673575,155.835052
1233,511.088083,155.835052
1234,511.502591,155.835052
1235,511.917098,155.835052
1236,512.331606,155.835052
1237,512.746114,155.835052
1238,513.160622,156.556701
1239,513.575130,156.556701
1240,513.989637,156.556701
1241,514.404145,156.556701
1242,514.818653,156.556701
1243,515.233161,156.556701
1244,515.647668,156.556701
1245,516.062176,156.556701
1246,516.476684,156.556701
1247,516.891192,156.556701
1248,517.305699,156.556701
1249,517.720207,156.556701
1250,518.134715,156.556701
1251,518.549223,156.556701
1252,518.963731,156.556701
1253,519.378238,156.556701
1254,519.792746,156.556701
1255,520.207254,156.556701
1256,520.621762,156.556701
1257,521.036269,156.556701
1258,521.450777,156.556701
1259,521.865285,156.556701
1260,522.279793,156.556701
1261,522.694301,156.556701
1262,523.108808,156.556701
1263,523.523316,156.556701
1264,523.937824,156.556701
1265,524.352332,156.556701
1266,524.766839,156.556701
1267,525.181347,156.556701
1268,525.595855,156.556701
1269,526.010363,156.556701
1270,526.424870,156.556701
1271,526.839378,154.969072
1272,527.253886,154.824742
1273,527.668394,154.824742
1274,528.082902,154.824742
1275,528.497409,154.824742
1276,528.911917,154.824742
1277,529.326425,154.680412
1278,529.740933,154.536082
1279,530.155440,153.814433
1280,530.569948,153.670103
1281,530.984456,153.381443
1282,531.398964,150.639175
1283,531.813472,149.773196
1284,532.227979,149.773196
1285,532.642487,149.773196
1286,533.056995,149.773196
1287,533.471503,149.773196
1288,533.886010,149.773196
1289,534.300518,149.773196
1290,534.715026,149.773196
1291,535.129534,149.773196
1292,535.544041,148.185567
1293,535.958549,145.876289
1294,536.373057,145.731959
1295,536.787565,145.731959
1296,537.202073,145.731959
1297,537.616580,145.731959
1298,538.031088,145.587629
1299,538.445596,145.587629
1300,538.860104,145.298969
1301,539.274611,142.412371
1302,539.689119,137.505155
1303,557.512953,136.494845
1304,557.927461,136.494845
1305,558.341969,136.494845
1306,558.756477,136.494845
1307,559.170984,136.494845
1308,559.585492,136.494845
1309,560.000000,136.494845
1310,560.414508,136.494845
1311,560.829016,138.515464
1312,561.243523,138.659794
1313,561.658031,138.659794
1314,562.072539,138.659794
1315,562.487047,138.659794
1316,562.901554,138.659794
1317,563.316062,138.659794
1318,563.730570,138.659794
1319,564.145078,138.804124
1320,564.559585,140.536082
1321,564.974093,140.680412
1322,565.388601,140.680412
1323,565.803109,140.680412
1324,566.217617,140.680412
1325,566.632124,140.680412
1326,567.046632,140.680412
1327,567.461140,140.680412
1328,567.875648,140.680412
1329,568.290155,140.680412
1330,568.704663,140.680412
1331,569.119171,140.680412
1332,569.533679,140.680412
1333,569.948187,137.649485
1334,570.362694,149.628866
1335,570.777202,161.608247
1336,571.191710,161.608247
1337,571.606218,161.608247
1338,572.020725,161.752577
1339,572.435233,161.752577
1340,572.849741,161.752577
1341,573.264249,161.752577
1342,573.678756,161.896907
1343,574.093264,161.896907
1344,574.507772,161.896907
1345,574.922280,161.896907
1346,575.336788,161.896907
1347,575.751295,161.896907
1348,576.165803,161.896907
1349,576.580311,161.896907
1350,576.994819,162.041237
1351,586.528497,77.896907
1352,586.943005,77.896907
1353,587.357513,77.896907
1354,587.772021,77.896907
1355,588.186528,77.896907
1356,588.601036,77.896907
1357,589.015544,77.896907
1358,589.430052,74.288660
1359,589.844560,72.701031
1360,590.259067,72.268041
1361,590.673575,72.123711
1362,591.088083,71.835052
1363,591.502591,69.381443
1364,591.917098,67.793814
1365,592.331606,65.484536
1366,592.746114,65.340206
1367,593.160622,65.340206
1368,593.575130,65.051546
1369,593.989637,63.030928
1370,594.404145,90.597938
1371,594.818653,118.164948
1372,595.233161,118.164948
1373,595.647668,118.164948
1374,596.062176,118.164948
1375,596.476684,116.577320
1376,596.891192,116.288660
1377,597.305699,116.144330
1378,597.720207,115.567010
1379,598.134715,115.567010
1380,598.549223,115.567010
1381,598.963731,115.567010
1382,599.378238,115.567010
1383,599.792746,115.567010
1384,600.207254,115.567010
1385,600.621762,115.278351
1386,601.036269,112.969072
1387,601.450777,111.092784
1388,601.865285,111.092784
1389,602.279793,111.092784
1390,602.694301,111.092784
1391,603.108808,111.092784
1392,603.523316,111.092784
1393,603.937824,111.092784
1394,604.352332,111.092784
1395,604.766839,111.092784
1396,605.181347,111.092784
1397,605.595855,111.237113
1398,606.010363,111.381443
1399,606.424870,113.835052
1400,606.839378,113.979381
1401,607.253886,114.268041
1402,607.668394,121.917526
1403,608.082902,122.206186
1404,608.497409,122.927835
1405,608.911917,123.216495
1406,609.326425,123.793814
1407,609.740933,123.793814
1408,610.155440,123.793814
1409,610.569948,123.793814
1410,610.984456,123.793814
1411,611.398964,123.793814
1412,611.813472,123.793814
1413,612.227979,123.793814
1414,612.642487,122.783505
1415,613.056995,122.639175
1416,613.471503,122.494845
1417,613.886010,122.494845
1418,614.300518,122.350515
1419,614.715026,122.206186
1420,615.129534,118.886598
1421,615.544041,114.123711
1422,615.958549,113.113402
1423,616.373057,113.113402
1424,616.787565,113.113402
1425,617.202073,113.113402
1426,617.616580,113.113402
1427,618.031088,113.113402
1428,618.445596,113.113402
1429,618.860104,113.979381
1430,619.274611,113.979381
1431,619.689119,113.979381
1432,620.103627,113.979381
1433,620.518135,113.979381
1434,620.932642,113.979381
1435,621.347150,114.123711
1436,621.761658,114.412371
1437,622.176166,135.340206
1438,622.590674,156.412371
1439,623.005181,156.412371
1440,623.419689,156.412371
1441,623.834197,155.257732
1442,624.248705,153.670103
1443,624.663212,150.350515
1444,625.077720,147.030928
1445,625.492228,143.711340
1446,625.906736,140.247423
1447,626.321244,136.927835
1448,626.735751,133.608247
1449,627.150259,130.288660
1450,627.564767,126.969072
1451,627.979275,123.505155
1452,628.393782,120.185567
1453,628.808290,116.865979
1454,629.222798,113.546392
1455,629.637306,113.546392
1456,630.051813,113.546392
1457,630.466321,113.546392
1458,630.880829,113.546392
1459,631.295337,113.546392
1460,631.709845,113.546392
1461,632.124352,113.546392
1462,632.538860,113.546392
1463,632.953368,113.546392
1464,633.367876,113.546392
1465,633.782383,113.546392
1466,634.196891,113.546392
1467,634.611399,113.402062
1468,635.025907,109.072165
1469,635.440415,104.309278
1470,635.854922,100.412371
1471,636.269430,99.979381
1472,636.683938,99.979381
1473,637.098446,99.979381
1474,637.512953,99.835052
1475,637.927461,112.824742
1476,638.341969,125.814433
1477,638.756477,124.948454
1478,639.170984,124.804124
1479,639.585492,124.659794
1480,640.000000,124.515464
1481,640.414508,123.072165
1482,640.829016,122.783505
1483,641.243523,122.783505
1484,641.658031,122.783505
1485,642.072539,122.494845
1486,642.487047,118.597938
1487,642.901554,115.134021
1488,643.316062,114.123711
1489,643.730570,113.979381
1490,644.145078,113.835052
1491,644.559585,110.371134
1492,644.974093,110.226804
1493,645.388601,110.226804
1494,645.803109,110.226804
1495,646.217617,110.226804
1496,646.632124,110.226804
1497,647.046632,110.226804
1498,647.461140,110.226804
1499,647.875648,115.567010
1500,648.290155,115.567010
1501,648.704663,115.567010
1502,649.119171,115.567010
1503,649.533679,115.567010
1504,649.948187,115.567010
1505,650.362694,115.567010
1506,650.777202,115.567010
1507,651.191710,115.567010
1508,651.606218,115.567010
1509,652.020725,115.711340
1510,652.435233,116.000000
1511,652.849741,124.371134
1512,653.264249,132.742268
1513,653.678756,132.742268
1514,654.093264,132.164948
1515,654.507772,132.164948
1516,654.922280,132.164948
1517,655.336788,132.164948
1518,655.751295,132.164948
1519,656.165803,132.164948
1520,656.580311,132.164948
1521,656.994819,132.164948
1522,657.409326,132.020619
1523,657.823834,131.876289
1524,658.238342,131.010309
1525,658.652850,131.010309
1526,659.067358,131.010309
1527,659.481865,130.865979
1528,659.896373,130.865979
1529,660.310881,130.721649
1530,660.725389,130.432990
1531,661.139896,130.288660
1532,661.554404,130.288660
1533,661.968912,130.144330
1534,662.383420,130.144330
1535,662.797927,130.144330
1536,663.212435,130.000000
1537,663.626943,129.134021
1538,664.041451,128.989691
1539,664.455959,128.989691
1540,664.870466,128.989691
1541,665.284974,128.989691
1542,665.699482,128.989691
1543,666.113990,128.989691
1544,666.528497,128.989691
1545,666.943005,128.989691
1546,667.357513,128.989691
1547,667.772021,128.989691
1548,668.186528,128.989691
1549,668.601036,128.989691
1550,669.015544,128.989691
1551,669.430052,128.989691
1552,669.844560,128.989691
1553,670.259067,128.989691
1554,670.673575,128.989691
1555,671.088083,128.989691
1556,671.502591,128.989691
1557,671.917098,130.288660
1558,672.331606,130.432990
1559,672.746114,130.432990
1560,673.160622,130.432990
1561,673.575130,130.432990
1562,673.989637,130.577320
1563,674.404145,130.577320
1564,674.818653,130.577320
1565,675.233161,130.577320
1566,675.647668,130.577320
1567,676.062176,130.577320
1568,676.476684,130.577320
1569,676.891192,130.577320
1570,677.305699,131.010309
1571,677.720207,134.474227
1572,678.134715,134.762887
1573,678.549223,135.628866
1574,678.963731,135.917526
1575,679.378238,139.670103
1576,679.792746,139.814433
1577,680.207254,142.412371
1578,680.621762,142.412371
1579,681.036269,142.412371
1580,681.450777,142.556701
1581,681.865285,142.556701
1582,682.279793,142.701031
1583,682.694301,142.701031
1584,683.108808,142.701031
1585,683.523316,142.701031
1586,683.937824,142.701031
1587,684.352332,142.701031
1588,684.766839,142.701031
1589,685.181347,142.701031
1590,685.595855,142.701031
1591,686.010363,142.701031
1592,686.424870,142.701031
1593,686.839378,142.701031
1594,687.253886,142.701031
1595,687.668394,142.701031
1596,688.082902,142.701031
1597,688.497409,142.701031
1598,688.911917,142.701031
1599,689.326425,142.701031
1600,689.740933,142.701031
1601,690.155440,143.278351
1602,690.569948,138.804124
1603,690.984456,135.628866
1604,691.398964,132.597938
1605,691.813472,129.567010
1606,692.227979,126.536082
1607,692.642487,123.360825
1608,693.056995,120.329897
1609,693.471503,117.298969
1610,693.886010,114.268041
1611,694.300518,114.268041
1612,694.715026,114.268041
1613,695.129534,114.268041
1614,695.544041,114.268041
1615,695.958549,114.268041
1616,696.373057,114.268041
1617,696.787565,114.268041
1618,697.202073,114.268041
1619,697.616580,114.268041
1620,698.031088,114.268041
1621,698.445596,114.268041
1622,698.860104,114.268041
1623,699.274611,112.103093
1624,699.689119,109.649485
1625,700.103627,109.505155
1626,700.518135,109.505155
1627,700.932642,109.505155
1628,701.347150,109.505155
1629,701.761658,109.505155
1630,702.176166,109.505155
1631,702.590674,109.505155
1632,703.005181,118.742268
1633,703.419689,118.742268
1634,703.834197,118.742268
1635,704.248705,118.886598
1636,704.663212,118.886598
1637,705.077720,118.886598
1638,705.492228,118.886598
1639,705.906736,118.886598
1640,706.321244,118.886598
1641,706.735751,118.886598
1642,707.150259,118.886598
1643,707.564767,118.886598
1644,707.979275,118.886598
1645,708.393782,118.886598
1646,708.808290,118.886598
1647,709.222798,118.886598
1648,709.637306,118.886598
1649,710.051813,118.886598
1650,710.466321,119.752577
1651,710.880829,119.752577
1652,711.295337,119.752577
1653,711.709845,119.752577
1654,712.124352,119.752577
1655,712.538860,119.752577
1656,712.953368,119.463918
1657,713.367876,119.175258
1658,713.782383,119.175258
1659,714.196891,119.175258
1660,714.611399,119.175258
1661,715.025907,119.175258
1662,715.440415,119.175258
1663,715.854922,119.175258
1664,716.269430,119.175258
1665,716.683938,119.030928
1666,717.098446,119.030928
1667,717.512953,119.030928
1668,717.927461,119.030928
1669,718.341969,119.030928
1670,718.756477,119.030928
1671,719.170984,119.030928
1672,719.585492,119.030928
1673,720.000000,119.030928
1674,720.414508,119.030928
1675,720.829016,119.030928
1676,721.243523,119.030928
1677,721.658031,119.030928
1678,722.072539,119.030928
1679,722.487047,119.030928
1680,722.901554,119.030928
1681,723.316062,120.329897
1682,723.730570,122.350515
1683,724.145078,122.350515
1684,724.559585,122.350515
1685,724.974093,122.350515
1686,725.388601,122.350515
1687,725.803109,122.494845
1688,726.217617,122.639175
1689,726.632124,123.938144
1690,727.046632,125.381443
1691,727.461140,130.432990
1692,727.875648,130.721649
1693,728.290155,131.010309
1694,728.704663,131.154639
1695,729.119171,131.298969
1696,729.533679,132.164948
1697,729.948187,132.453608
1698,730.362694,132.742268
1699,730.777202,132.886598
1700,731.191710,133.030928
1701,731.606218,133.030928
1702,732.020725,133.030928
1703,732.435233,133.030928
1704,732.849741,133.030928
1705,733.264249,133.030928
1706,733.678756,133.030928
1707,734.093264,133.030928
1708,734.507772,133.030928
1709,734.922280,133.030928
1710,735.336788,132.886598
1711,735.751295,132.886598
1712,736.165803,132.886598
1713,736.580311,132.886598
1714,736.994819,132.886598
1715,737.409326,132.886598
1716,737.823834,132.886598
1717,738.238342,132.886598
1718,738.652850,132.886598
1719,739.067358,132.886598
1720,739.481865,132.886598
1721,739.896373,132.886598
1722,740.310881,131.010309
1723,740.725389,131.010309
1724,741.139896,131.010309
1725,741.554404,131.010309
1726,741.968912,131.010309
1727,742.383420,131.010309
1728,742.797927,131.010309
1729,743.212435,131.010309
1730,743.626943,131.154639
1731,744.041451,131.154639
1732,744.455959,131.154639
1733,744.870466,131.154639
1734,745.284974,131.154639
1735,745.699482,131.154639
1736,746.113990,131.154639
1737,746.528497,131.154639
1738,746.943005,131.154639
1739,747.357513,131.154639
1740,747.772021,131.010309
1741,748.186528,131.010309
1742,748.601036,131.010309
1743,749.015544,131.010309
1744,749.430052,131.010309
1745,749.844560,130.865979
1746,750.259067,130.000000
1747,750.673575,129.855670
1748,751.088083,129.711340
1749,751.502591,129.422680
1750,751.917098,129.278351
1751,752.331606,129.278351
1752,752.746114,129.278351
1753,753.160622,129.278351
1754,753.575130,129.278351
1755,753.989637,129.278351
1756,754.404145,129.278351
1757,754.818653,130.577320
1758,755.233161,130.577320
1759,755.647668,130.577320
1760,756.062176,130.577320
1761,756.476684,130.721649
1762,756.891192,131.010309
1763,757.305699,137.505155
1764,778.445596,100.989691
1765,778.860104,100.989691
1766,779.274611,100.989691
1767,779.689119,100.989691
1768,780.103627,100.989691
1769,780.518135,100.989691
1770,780.932642,100.989691
1771,781.347150,99.835052
1772,781.761658,95.072165
1773,782.176166,92.329897
1774,782.590674,89.876289
1775,783.005181,86.556701
1776,783.419689,85.402062
1777,783.834197,85.402062
1778,784.248705,85.402062
1779,784.663212,85.402062
1780,785.077720,85.402062
1781,785.492228,85.402062
1782,785.906736,85.402062
1783,786.321244,85.402062
1784,786.735751,85.402062
1785,787.150259,85.402062
1786,787.564767,85.402062
1787,787.979275,85.402062
1788,788.393782,85.402062
1789,788.808290,85.402062
1790,789.222798,89.731959
1791,789.637306,89.731959
1792,790.051813,89.731959
1793,790.466321,89.731959
1794,790.880829,89.876289
1795,791.295337,101.134021
1796,791.709845,112.391753
1797,792.124352,110.082474
1798,792.538860,124.659794
1799,792.953368,139.237113
1800,793.367876,139.237113
1801,793.782383,139.237113
1802,794.196891,139.237113
1803,794.611399,139.237113
1804,795.025907,139.237113
1805,795.440415,139.237113
1806,795.854922,139.237113
1807,796.269430,139.237113
1808,796.683938,139.237113
1809,797.098446,139.237113
1810,797.512953,139.237113
1811,797.927461,139.237113
1812,798.341969,139.237113
1813,798.756477,139.237113
1814,799.170984,137.793814
1815,799.585492,140.824742
1816,800.000000,140.824742
1817,800.414508,140.969072
1818,800.829016,141.113402
1819,801.243523,145.298969
1820,801.658031,145.298969
1821,802.072539,145.298969
1822,802.487047,145.298969
1823,802.901554,145.298969
1824,803.316062,144.721649
1825,803.730570,142.268041
1826,804.145078,142.123711
1827,804.559585,141.979381
1828,804.974093,141.690722
1829,805.388601,139.814433
1830,805.803109,135.773196
1831,806.217617,135.484536
1832,806.632124,135.484536
1833,807.046632,135.484536
1834,807.461140,135.484536
1835,807.875648,135.484536
1836,808.290155,135.340206
1837,808.704663,135.195876
1838,809.119171,134.618557
1839,809.533679,134.618557
1840,809.948187,134.618557
1841,810.362694,134.618557
1842,810.777202,134.618557
1843,811.191710,134.618557
1844,811.606218,134.618557
1845,812.020725,134.618557
1846,812.435233,134.618557
1847,812.849741,134.618557
1848,813.264249,134.618557
1849,813.678756,130.432990
1850,814.093264,128.556701
1851,814.507772,128.412371
1852,814.922280,128.268041
1853,815.336788,128.123711
1854,815.751295,125.814433
1855,816.165803,124.804124
1856,816.580311,124.515464
1857,816.994819,124.371134
1858,817.409326,124.371134
1859,817.823834,123.216495
1860,818.238342,120.474227
1861,818.652850,117.876289
1862,819.067358,116.577320
1863,819.481865,116.432990
1864,819.896373,116.144330
1865,820.310881,116.000000
1866,820.725389,115.855670
1867,821.139896,115.711340
1868,821.554404,115.711340
1869,821.968912,115.711340
1870,822.383420,115.711340
1871,822.797927,115.711340
1872,823.212435,115.711340
1873,823.626943,115.711340
1874,824.041451,115.711340
1875,824.455959,117.298969
1876,824.870466,117.298969
1877,825.284974,117.298969
1878,825.699482,117.298969
1879,826.113990,117.298969
1880,826.528497,117.298969
1881,826.943005,117.443299
1882,827.357513,121.340206
1883,827.772021,121.628866
1884,828.186528,131.010309
1885,828.601036,140.391753
1886,829.015544,140.391753
1887,829.430052,140.969072
1888,829.844560,141.546392
1889,830.259067,142.123711
1890,830.673575,142.701031
1891,831.088083,143.278351
1892,831.502591,143.711340
1893,831.917098,144.288660
1894,832.331606,144.865979
1895,832.746114,145.443299
1896,833.160622,146.020619
1897,833.575130,146.020619
1898,833.989637,146.020619
1899,834.404145,146.020619
1900,834.818653,146.020619
1901,835.233161,146.742268
1902,835.647668,147.030928
1903,836.062176,147.319588
1904,836.476684,148.907216
1905,836.891192,148.907216
1906,837.305699,148.907216
1907,837.720207,148.907216
1908,838.134715,148.907216
1909,838.549223,148.907216
1910,838.963731,149.340206
1911,839.378238,145.731959
1912,839.792746,145.587629
1913,840.207254,145.443299
1914,840.621762,145.154639
1915,841.036269,141.835052
1916,841.450777,141.690722
1917,841.865285,141.690722
1918,842.279793,141.690722
1919,842.694301,141.690722
1920,843.108808,141.690722
1921,843.523316,141.546392
1922,843.937824,141.546392
1923,844.352332,141.546392
1924,844.766839,141.546392
1925,845.181347,141.402062
1926,845.595855,138.804124
1927,846.010363,137.072165
1928,846.424870,134.907216
1929,846.839378,132.164948
1930,847.253886,128.845361
1931,847.668394,126.680412
1932,848.082902,124.226804
1933,848.497409,121.484536
1934,848.911917,120.185567
1935,849.326425,120.041237
1936,849.740933,119.896907
1937,850.155440,119.463918
1938,850.569948,118.742268
1939,850.984456,118.742268
1940,851.398964,118.597938
1941,851.813472,118.453608
1942,852.227979,118.453608
1943,852.642487,118.453608
1944,853.056995,118.453608
1945,853.471503,118.453608
1946,853.886010,118.453608
1947,854.300518,118.453608
1948,854.715026,116.144330
1949,855.129534,115.278351
1950,855.544041,131.010309
1951,855.958549,146.742268
1952,856.373057,146.742268
1953,856.787565,146.742268
1954,857.202073,146.742268
1955,857.616580,145.876289
1956,858.031088,144.865979
1957,870.880829,113.835052
1958,871.295337,113.835052
1959,871.709845,113.835052
1960,872.124352,113.835052
1961,872.538860,113.835052
1962,872.953368,113.835052
1963,873.367876,113.835052
1964,873.782383,113.979381
1965,874.196891,119.896907
1966,874.611399,125.092784
1967,875.025907,125.092784
1968,875.440415,125.092784
1969,875.854922,125.092784
1970,876.269430,124.515464
1971,876.683938,131.154639
1972,877.098446,131.154639
1973,877.512953,131.154639
1974,877.927461,131.154639
1975,878.341969,130.865979
1976,878.756477,130.721649
1977,879.170984,130.577320
1978,879.585492,130.288660
1979,880.000000,126.824742
1980,880.414508,125.670103
1981,880.829016,124.948454
1982,892.020725,147.463918
1983,892.435233,147.463918
1984,892.849741,147.463918
1985,893.264249,147.463918
1986,893.678756,147.463918
1987,894.093264,147.463918
1988,894.507772,147.463918
1989,894.922280,147.463918
1990,895.336788,147.463918
1991,895.751295,147.463918
1992,896.165803,147.463918
1993,896.580311,147.463918
1994,896.994819,147.463918
1995,897.409326,147.463918
1996,897.823834,146.742268
1997,898.238342,147.030928
1998,898.652850,147.319588
1999,899.067358,147.752577
2000,899.481865,148.041237
2001,899.896373,148.329897
2002,900.310881,148.618557
2003,900.725389,148.907216
2004,901.139896,149.195876
2005,901.554404,149.484536
2006,901.968912,149.917526
2007,902.383420,150.206186
2008,902.797927,150.494845
2009,903.212435,150.494845
2010,903.626943,150.494845
2011,904.041451,150.494845
2012,904.455959,150.494845
2013,904.870466,150.494845
2014,905.284974,150.494845
2015,905.699482,150.494845
2016,906.113990,150.494845
2017,906.528497,150.494845
2018,906.943005,150.494845
2019,907.357513,150.494845
2020,907.772021,150.494845
2021,908.186528,150.350515
2022,908.601036,147.463918
2023,909.015544,145.443299
2024,909.430052,144.144330
2025,909.844560,144.000000
2026,910.259067,143.567010
2027,910.673575,140.680412
2028,911.088083,137.938144
2029,911.502591,137.072165
2030,911.917098,137.072165
2031,912.331606,137.072165
2032,912.746114,137.072165
2033,913.160622,137.072165
2034,913.575130,137.072165
2035,913.989637,137.072165
2036,914.404145,137.072165
2037,914.818653,137.072165
2038,915.233161,137.072165
2039,915.647668,137.072165
2040,916.062176,137.072165
2041,916.476684,137.072165
2042,916.891192,137.072165
2043,917.305699,137.072165
2044,917.720207,137.072165
2045,918.134715,137.072165
2046,918.549223,137.072165
2047,918.963731,136.927835
2048,919.378238,136.783505
2049,919.792746,135.773196
2050,920.207254,132.597938
2051,920.621762,131.298969
2052,921.036269,131.154639
2053,921.450777,131.010309
2054,921.865285,130.865979
2055,922.279793,128.701031
2056,922.694301,128.556701
2057,923.108808,128.412371
2058,923.523316,128.412371
2059,923.937824,128.123711
2060,924.352332,126.391753
2061,924.766839,125.814433
2062,925.181347,124.515464
2063,925.595855,124.371134
2064,926.010363,122.206186
2065,926.424870,120.907216
2066,926.839378,118.020619
2067,927.253886,116.000000
2068,927.668394,113.113402
2069,928.082902,112.824742
2070,928.497409,112.680412
2071,928.911917,112.536082
2072,929.326425,112.536082
2073,929.740933,112.536082
2074,930.155440,112.536082
2075,930.569948,112.536082
2076,930.984456,112.536082
2077,931.398964,112.536082
2078,931.813472,112.536082
2079,932.227979,112.536082
2080,932.642487,112.536082
2081,933.056995,112.536082
2082,933.471503,112.536082
2083,933.886010,112.536082
2084,934.300518,112.536082
2085,934.715026,112.536082
2086,935.129534,112.536082
2087,935.544041,111.670103
2088,935.958549,111.381443
2089,936.373057,111.237113
2090,936.787565,108.061856
2091,937.202073,106.907216
2092,937.616580,124.659794
2093,938.031088,142.268041
2094,938.445596,142.268041
2095,938.860104,142.268041
2096,939.274611,142.268041
2097,939.689119,142.268041
2098,940.103627,142.268041
2099,940.518135,142.268041
2100,940.932642,142.268041
2101,941.347150,142.268041
2102,941.761658,142.268041
2103,942.176166,140.391753
2104,942.590674,138.371134
2105,943.005181,136.494845
2106,943.419689,134.474227
2107,943.834197,132.597938
2108,944.248705,130.721649
2109,944.663212,128.701031
2110,945.077720,126.824742
2111,945.492228,124.804124
2112,945.906736,122.927835
2113,946.321244,121.051546
2114,946.735751,119.030928
2115,947.150259,117.154639
2116,947.564767,115.134021
2117,947.979275,113.257732
2118,948.393782,113.257732
2119,948.808290,113.257732
2120,949.222798,113.257732
2121,949.637306,113.257732
2122,950.051813,113.257732
2123,950.466321,113.257732
2124,950.880829,113.257732
2125,951.295337,113.257732
2126,951.709845,113.257732
2127,952.124352,113.257732
2128,952.538860,113.257732
2129,952.953368,113.257732
2130,953.367876,113.257732
2131,953.782383,113.257732
