sample_idx,time_sec,ua_kpa,ua_mmhg
0,3.730570,1.245283,9.340395
1,4.145078,1.245283,9.340395
2,4.559585,1.245283,9.340395
3,4.974093,1.245283,9.340395
4,5.388601,1.245283,9.340395
5,5.803109,1.245283,9.340395
6,6.217617,1.245283,9.340395
7,6.632124,1.245283,9.340395
8,7.046632,1.041509,7.811966
9,7.461140,1.041509,7.811966
10,7.875648,1.041509,7.811966
11,8.290155,1.041509,7.811966
12,8.704663,1.041509,7.811966
13,9.119171,1.041509,7.811966
14,9.533679,1.041509,7.811966
15,9.948187,1.064151,7.981792
16,10.362694,1.109434,8.321443
17,10.777202,1.132075,8.491268
18,11.191710,1.154717,8.661093
19,11.606218,1.200000,9.000744
20,12.020725,1.222642,9.170569
21,12.435233,1.245283,9.340395
22,12.849741,1.313208,9.849871
23,13.264249,1.335849,10.019696
24,13.678756,1.358491,10.189522
25,14.093264,1.358491,10.189522
26,14.507772,1.358491,10.189522
27,14.922280,1.358491,10.189522
28,15.336788,1.358491,10.189522
29,15.751295,1.358491,10.189522
30,16.165803,1.358491,10.189522
31,16.580311,1.358491,10.189522
32,16.994819,1.267925,9.510220
33,17.409326,1.041509,7.811966
34,17.823834,1.018868,7.642141
35,18.238342,1.018868,7.642141
36,18.652850,0.996226,7.472316
37,19.067358,0.928302,6.962840
38,19.481865,0.928302,6.962840
39,19.896373,0.905660,6.793014
40,20.310881,0.905660,6.793014
41,20.725389,0.905660,6.793014
42,21.139896,0.883019,6.623189
43,21.554404,0.543396,4.075809
44,21.968912,0.384906,2.887031
45,22.383420,0.384906,2.887031
46,22.797927,0.384906,2.887031
47,23.212435,0.384906,2.887031
48,23.626943,0.384906,2.887031
49,24.041451,0.384906,2.887031
50,24.455959,0.362264,2.717206
51,24.870466,0.294340,2.207730
52,25.284974,0.226415,1.698254
53,25.699482,0.135849,1.018952
54,26.113990,0.067925,0.509476
55,26.528497,0.000000,0.000000
56,26.943005,0.000000,0.000000
57,27.357513,0.000000,0.000000
58,27.772021,0.000000,0.000000
59,28.186528,0.000000,0.000000
60,28.601036,0.000000,0.000000
61,29.015544,0.000000,0.000000
62,29.430052,0.000000,0.000000
63,29.844560,0.000000,0.000000
64,30.259067,0.000000,0.000000
65,67.979275,0.000000,0.000000
66,68.393782,0.000000,0.000000
67,68.808290,0.000000,0.000000
68,69.222798,0.000000,0.000000
69,69.637306,0.000000,0.000000
70,70.051813,0.000000,0.000000
71,70.466321,0.498113,3.736158
72,70.880829,0.543396,4.075809
73,71.295337,0.588679,4.415459
74,71.709845,1.018868,7.642141
75,72.124352,1.041509,7.811966
76,72.538860,1.041509,7.811966
77,72.953368,1.041509,7.811966
78,73.367876,1.041509,7.811966
79,73.782383,1.041509,7.811966
80,74.196891,1.041509,7.811966
81,74.611399,1.041509,7.811966
82,75.025907,1.064151,7.981792
83,75.440415,1.064151,7.981792
84,75.854922,1.267925,9.510220
85,76.269430,2.105660,15.793758
86,76.683938,2.128302,15.963584
87,77.098446,2.173585,16.303234
88,77.512953,2.286792,17.152361
89,77.927461,2.286792,17.152361
90,78.341969,2.286792,17.152361
91,78.756477,2.286792,17.152361
92,79.170984,2.286792,17.152361
93,79.585492,2.286792,17.152361
94,80.000000,2.286792,17.152361
95,80.414508,2.286792,17.152361
96,80.829016,2.286792,17.152361
97,81.243523,2.286792,17.152361
98,81.658031,2.286792,17.152361
99,82.072539,2.920755,21.907471
100,82.487047,2.943396,22.077297
101,82.901554,3.486792,26.153105
102,83.316062,3.509434,26.322931
103,83.730570,3.532075,26.492756
104,84.145078,3.939623,29.549612
105,84.559585,3.962264,29.719438
106,84.974093,3.962264,29.719438
107,85.388601,3.962264,29.719438
108,85.803109,3.962264,29.719438
109,86.217617,3.962264,29.719438
110,86.632124,3.962264,29.719438
111,87.046632,3.984906,29.889263
112,87.461140,3.781132,28.360835
113,87.875648,3.758491,28.191010
114,88.290155,3.735849,28.021184
115,88.704663,3.554717,26.662581
116,89.119171,3.532075,26.492756
117,89.533679,3.509434,26.322931
118,89.948187,3.509434,26.322931
119,90.362694,3.486792,26.153105
120,90.777202,3.486792,26.153105
121,91.191710,3.486792,26.153105
122,91.606218,3.486792,26.153105
123,92.020725,3.486792,26.153105
124,92.435233,3.486792,26.153105
125,92.849741,3.486792,26.153105
126,93.264249,3.486792,26.153105
127,93.678756,3.486792,26.153105
128,94.093264,3.486792,26.153105
129,94.507772,3.486792,26.153105
130,94.922280,2.852830,21.397995
131,95.336788,2.784906,20.888519
132,95.751295,2.762264,20.718694
133,96.165803,2.762264,20.718694
134,96.580311,2.716981,20.379043
135,96.994819,1.947170,14.604981
136,97.409326,1.924528,14.435155
137,97.823834,1.901887,14.265330
138,98.238342,1.879245,14.095505
139,98.652850,1.879245,14.095505
140,99.067358,1.856604,13.925679
141,99.481865,1.856604,13.925679
142,99.896373,1.856604,13.925679
143,100.310881,1.381132,10.359347
144,100.725389,1.381132,10.359347
145,101.139896,1.381132,10.359347
146,101.554404,1.381132,10.359347
147,101.968912,1.381132,10.359347
148,102.383420,1.358491,10.189522
149,102.797927,1.064151,7.981792
150,103.212435,0.860377,6.453364
151,103.626943,0.860377,6.453364
152,104.041451,0.860377,6.453364
153,104.455959,0.860377,6.453364
154,104.870466,0.860377,6.453364
155,105.284974,0.860377,6.453364
156,105.699482,1.064151,7.981792
157,106.113990,1.109434,8.321443
158,106.528497,1.132075,8.491268
159,106.943005,1.154717,8.661093
160,107.357513,1.856604,13.925679
161,107.772021,1.879245,14.095505
162,108.186528,1.901887,14.265330
163,108.601036,1.947170,14.604981
164,109.015544,2.400000,18.001488
165,109.430052,2.422642,18.171313
166,109.844560,2.422642,18.171313
167,110.259067,2.445283,18.341139
168,110.673575,2.445283,18.341139
169,111.088083,2.490566,18.680789
170,111.502591,2.830189,21.228170
171,111.917098,2.852830,21.397995
172,112.331606,2.875472,21.567821
173,112.746114,2.943396,22.077297
174,113.160622,3.215094,24.115201
175,113.575130,3.260377,24.454852
176,113.989637,4.007547,30.059088
177,114.404145,4.030189,30.228914
178,114.818653,4.052830,30.398739
179,115.233161,4.075472,30.568565
180,115.647668,5.003774,37.531404
181,116.062176,5.003774,37.531404
182,116.476684,5.003774,37.531404
183,116.891192,5.003774,37.531404
184,117.305699,5.003774,37.531404
185,117.720207,5.003774,37.531404
186,118.134715,5.003774,37.531404
187,118.549223,5.003774,37.531404
188,118.963731,5.003774,37.531404
189,119.378238,5.003774,37.531404
190,119.792746,4.935849,37.021928
191,120.207254,4.800000,36.002976
192,120.621762,4.800000,36.002976
193,121.036269,4.800000,36.002976
194,121.450777,4.800000,36.002976
195,121.865285,4.800000,36.002976
196,122.279793,4.800000,36.002976
197,122.694301,5.298113,39.739134
198,123.108808,5.343396,40.078785
199,123.523316,5.343396,40.078785
200,123.937824,5.343396,40.078785
201,124.352332,5.343396,40.078785
202,124.766839,5.343396,40.078785
203,125.181347,5.343396,40.078785
204,125.595855,5.343396,40.078785
205,126.010363,5.411321,40.588261
206,126.424870,4.301887,32.266818
207,126.839378,4.256604,31.927167
208,127.253886,4.233962,31.757342
209,127.668394,4.143396,31.078041
210,128.082902,3.871698,29.040136
211,128.497409,3.849057,28.870311
212,128.911917,3.849057,28.870311
213,129.326425,3.849057,28.870311
214,129.740933,3.849057,28.870311
215,130.155440,3.849057,28.870311
216,130.569948,3.849057,28.870311
217,130.984456,3.849057,28.870311
218,131.398964,3.849057,28.870311
219,131.813472,3.849057,28.870311
220,132.227979,3.849057,28.870311
221,132.642487,4.166038,31.247866
222,133.056995,4.188679,31.417691
223,133.471503,4.211321,31.587517
224,133.886010,4.256604,31.927167
225,134.300518,4.256604,31.927167
226,134.715026,4.256604,31.927167
227,135.129534,4.256604,31.927167
228,135.544041,4.256604,31.927167
229,135.958549,4.256604,31.927167
230,136.373057,4.256604,31.927167
231,136.787565,4.256604,31.927167
232,137.202073,4.256604,31.927167
233,137.616580,4.256604,31.927167
234,138.031088,4.233962,31.757342
235,138.445596,3.283019,24.624677
236,138.860104,3.260377,24.454852
237,139.274611,3.237736,24.285026
238,139.689119,3.237736,24.285026
239,140.103627,3.192453,23.945376
240,140.518135,2.830189,21.228170
241,140.932642,2.037736,15.284282
242,141.347150,2.015094,15.114457
243,141.761658,1.947170,14.604981
244,142.176166,0.928302,6.962840
245,142.590674,0.905660,6.793014
246,143.005181,0.883019,6.623189
247,143.419689,0.860377,6.453364
248,143.834197,0.181132,1.358603
249,144.248705,0.181132,1.358603
250,144.663212,0.181132,1.358603
251,145.077720,0.181132,1.358603
252,145.492228,0.158491,1.188778
253,145.906736,0.158491,1.188778
254,146.321244,0.158491,1.188778
255,146.735751,0.158491,1.188778
256,147.150259,0.158491,1.188778
257,147.564767,0.158491,1.188778
258,147.979275,0.135849,1.018952
259,148.393782,0.135849,1.018952
260,148.808290,0.135849,1.018952
261,149.222798,0.135849,1.018952
262,149.637306,0.135849,1.018952
263,150.051813,0.135849,1.018952
264,150.466321,0.135849,1.018952
265,150.880829,0.135849,1.018952
266,151.295337,0.135849,1.018952
267,151.709845,0.135849,1.018952
268,152.124352,0.158491,1.188778
269,152.538860,0.158491,1.188778
270,152.953368,0.158491,1.188778
271,153.367876,0.158491,1.188778
272,153.782383,0.181132,1.358603
273,154.196891,0.181132,1.358603
274,154.611399,0.520755,3.905983
275,155.025907,0.520755,3.905983
276,155.440415,0.520755,3.905983
277,155.854922,0.520755,3.905983
278,156.269430,0.520755,3.905983
279,156.683938,0.520755,3.905983
280,157.098446,0.520755,3.905983
281,157.512953,0.520755,3.905983
282,157.927461,0.520755,3.905983
283,158.341969,0.520755,3.905983
284,158.756477,0.520755,3.905983
285,159.170984,0.566038,4.245634
286,159.585492,0.588679,4.415459
287,160.000000,0.633962,4.755110
288,160.414508,1.086792,8.151617
289,160.829016,1.086792,8.151617
290,161.243523,1.109434,8.321443
291,161.658031,1.177358,8.830919
292,162.072539,1.743396,13.076553
293,162.487047,1.766038,13.246378
294,162.901554,1.766038,13.246378
295,163.316062,1.766038,13.246378
296,163.730570,1.766038,13.246378
297,164.145078,1.766038,13.246378
298,164.559585,1.766038,13.246378
299,164.974093,1.766038,13.246378
300,165.388601,1.766038,13.246378
301,165.803109,1.766038,13.246378
302,166.217617,1.766038,13.246378
303,166.632124,1.766038,13.246378
304,167.046632,1.766038,13.246378
305,167.461140,1.766038,13.246378
306,167.875648,1.766038,13.246378
307,168.290155,1.766038,13.246378
308,168.704663,1.879245,14.095505
309,169.119171,1.901887,14.265330
310,169.533679,1.901887,14.265330
311,169.948187,1.901887,14.265330
312,170.362694,1.901887,14.265330
313,170.777202,1.901887,14.265330
314,171.191710,1.901887,14.265330
315,171.606218,1.901887,14.265330
316,172.020725,1.901887,14.265330
317,172.435233,1.901887,14.265330
318,172.849741,1.901887,14.265330
319,173.264249,1.901887,14.265330
320,173.678756,1.901887,14.265330
321,174.093264,1.901887,14.265330
322,174.507772,2.400000,18.001488
323,174.922280,2.400000,18.001488
324,175.336788,2.400000,18.001488
325,175.751295,2.400000,18.001488
326,176.165803,2.400000,18.001488
327,176.580311,2.400000,18.001488
328,176.994819,2.400000,18.001488
329,177.409326,2.309434,17.322187
330,177.823834,2.286792,17.152361
331,178.238342,2.286792,17.152361
332,178.652850,2.286792,17.152361
333,179.067358,2.286792,17.152361
334,179.481865,2.286792,17.152361
335,179.896373,2.286792,17.152361
336,180.310881,2.286792,17.152361
337,180.725389,2.286792,17.152361
338,181.139896,2.286792,17.152361
339,181.554404,2.286792,17.152361
340,181.968912,2.286792,17.152361
341,182.383420,2.286792,17.152361
342,182.797927,2.286792,17.152361
343,183.212435,2.671698,20.039392
344,183.626943,2.671698,20.039392
345,184.041451,2.671698,20.039392
346,184.455959,2.671698,20.039392
347,184.870466,2.671698,20.039392
348,185.284974,2.671698,20.039392
349,185.699482,2.671698,20.039392
350,186.113990,1.969811,14.774806
351,186.528497,1.924528,14.435155
352,186.943005,1.901887,14.265330
353,187.357513,1.879245,14.095505
354,187.772021,1.630189,12.227426
355,188.186528,0.905660,6.793014
356,188.601036,0.905660,6.793014
357,189.015544,0.905660,6.793014
358,189.430052,0.905660,6.793014
359,189.844560,0.905660,6.793014
360,190.259067,0.905660,6.793014
361,190.673575,0.905660,6.793014
362,191.088083,0.905660,6.793014
363,191.502591,0.905660,6.793014
364,191.917098,0.905660,6.793014
365,192.331606,0.905660,6.793014
366,192.746114,0.815094,6.113713
367,193.160622,0.475472,3.566333
368,193.575130,0.452830,3.396507
369,193.989637,0.430189,3.226682
370,194.404145,0.407547,3.056856
371,194.818653,0.384906,2.887031
372,195.233161,0.362264,2.717206
373,195.647668,0.294340,2.207730
374,196.062176,0.294340,2.207730
375,196.476684,0.294340,2.207730
376,196.891192,0.294340,2.207730
377,197.305699,0.294340,2.207730
378,197.720207,0.294340,2.207730
379,198.134715,0.271698,2.037904
380,198.549223,0.271698,2.037904
381,198.963731,0.271698,2.037904
382,199.378238,0.271698,2.037904
383,199.792746,0.271698,2.037904
384,200.207254,0.271698,2.037904
385,200.621762,0.271698,2.037904
386,201.036269,0.271698,2.037904
387,201.450777,0.271698,2.037904
388,201.865285,0.271698,2.037904
389,202.279793,1.064151,7.981792
390,202.694301,1.086792,8.151617
391,203.108808,1.109434,8.321443
392,203.523316,1.856604,13.925679
393,203.937824,1.901887,14.265330
394,204.352332,2.467925,18.510964
395,204.766839,2.490566,18.680789
396,205.181347,2.490566,18.680789
397,205.595855,2.490566,18.680789
398,206.010363,2.490566,18.680789
399,206.424870,2.490566,18.680789
400,206.839378,2.490566,18.680789
401,207.253886,2.490566,18.680789
402,207.668394,2.490566,18.680789
403,208.082902,2.490566,18.680789
404,208.497409,2.490566,18.680789
405,208.911917,2.490566,18.680789
406,209.326425,2.490566,18.680789
407,209.740933,2.490566,18.680789
408,210.155440,2.490566,18.680789
409,210.569948,1.630189,12.227426
410,210.984456,1.630189,12.227426
411,211.398964,1.607547,12.057600
412,211.813472,1.607547,12.057600
413,212.227979,1.607547,12.057600
414,212.642487,1.607547,12.057600
415,213.056995,1.607547,12.057600
416,213.471503,1.607547,12.057600
417,213.886010,1.607547,12.057600
418,214.300518,1.607547,12.057600
419,214.715026,1.607547,12.057600
420,215.129534,0.837736,6.283538
421,215.544041,0.543396,4.075809
422,215.958549,0.520755,3.905983
423,216.373057,0.498113,3.736158
424,216.787565,0.475472,3.566333
425,217.202073,0.316981,2.377555
426,217.616580,0.316981,2.377555
427,218.031088,0.294340,2.207730
428,218.445596,0.294340,2.207730
429,218.860104,0.271698,2.037904
430,219.274611,0.271698,2.037904
431,219.689119,0.271698,2.037904
432,220.103627,0.249057,1.868079
433,220.518135,0.249057,1.868079
434,220.932642,0.249057,1.868079
435,221.347150,0.226415,1.698254
436,221.761658,0.226415,1.698254
437,222.176166,0.203774,1.528428
438,222.590674,0.203774,1.528428
439,223.005181,0.203774,1.528428
440,223.419689,0.181132,1.358603
441,223.834197,0.181132,1.358603
442,224.248705,0.158491,1.188778
443,224.663212,0.158491,1.188778
444,225.077720,0.158491,1.188778
445,225.492228,0.135849,1.018952
446,225.906736,0.135849,1.018952
447,226.321244,0.113208,0.849127
448,226.735751,0.113208,0.849127
449,227.150259,0.113208,0.849127
450,227.564767,0.090566,0.679301
451,227.979275,0.090566,0.679301
452,228.393782,0.090566,0.679301
453,228.808290,0.067925,0.509476
454,229.222798,0.067925,0.509476
455,229.637306,0.045283,0.339651
456,230.051813,0.045283,0.339651
457,230.466321,0.045283,0.339651
458,230.880829,0.045283,0.339651
459,231.295337,0.045283,0.339651
460,231.709845,0.045283,0.339651
461,232.124352,0.067925,0.509476
462,232.538860,0.067925,0.509476
463,232.953368,0.067925,0.509476
464,233.367876,0.067925,0.509476
465,233.782383,0.067925,0.509476
466,234.196891,0.067925,0.509476
467,234.611399,0.067925,0.509476
468,235.025907,0.067925,0.509476
469,235.440415,0.067925,0.509476
470,235.854922,0.067925,0.509476
471,236.269430,0.067925,0.509476
472,236.683938,0.067925,0.509476
473,237.098446,0.067925,0.509476
474,237.512953,0.067925,0.509476
475,237.927461,0.067925,0.509476
476,238.341969,0.067925,0.509476
477,238.756477,0.067925,0.509476
478,239.170984,0.067925,0.509476
479,239.585492,0.067925,0.509476
480,240.000000,0.067925,0.509476
481,240.414508,0.226415,1.698254
482,240.829016,0.271698,2.037904
483,241.243523,0.271698,2.037904
484,241.658031,0.271698,2.037904
485,242.072539,0.271698,2.037904
486,242.487047,0.271698,2.037904
487,242.901554,0.271698,2.037904
488,243.316062,0.294340,2.207730
489,243.730570,0.316981,2.377555
490,244.145078,0.339623,2.547380
491,244.559585,0.339623,2.547380
492,244.974093,0.339623,2.547380
493,245.388601,0.339623,2.547380
494,245.803109,0.339623,2.547380
495,246.217617,0.339623,2.547380
496,246.632124,0.339623,2.547380
497,247.046632,0.339623,2.547380
498,247.461140,0.339623,2.547380
499,247.875648,0.339623,2.547380
500,248.290155,0.339623,2.547380
501,248.704663,0.339623,2.547380
502,249.119171,0.339623,2.547380
503,249.533679,0.339623,2.547380
504,249.948187,0.339623,2.547380
505,250.362694,0.339623,2.547380
506,250.777202,0.339623,2.547380
507,251.191710,0.339623,2.547380
508,251.606218,0.362264,2.717206
509,252.020725,0.362264,2.717206
510,252.435233,0.362264,2.717206
511,252.849741,0.362264,2.717206
512,253.264249,0.362264,2.717206
513,253.678756,0.362264,2.717206
514,254.093264,0.362264,2.717206
515,254.507772,0.407547,3.056856
516,254.922280,0.430189,3.226682
517,255.336788,0.475472,3.566333
518,255.751295,0.792453,5.943888
519,256.165803,0.815094,6.113713
520,256.580311,0.837736,6.283538
521,256.994819,0.883019,6.623189
522,257.409326,0.928302,6.962840
523,257.823834,0.973585,7.302490
524,258.238342,1.381132,10.359347
525,258.652850,1.992453,14.944632
526,259.067358,1.992453,14.944632
527,259.481865,2.015094,15.114457
528,259.896373,2.626415,19.699742
529,260.310881,2.649057,19.869567
530,260.725389,2.671698,20.039392
531,261.139896,3.305660,24.794502
532,261.554404,3.328302,24.964328
533,261.968912,3.781132,28.360835
534,262.383420,3.803774,28.530660
535,262.797927,3.826415,28.700486
536,263.212435,3.849057,28.870311
537,263.626943,4.867925,36.512452
538,264.041451,4.890566,36.682277
539,264.455959,4.913208,36.852103
540,264.870466,5.116981,38.380531
541,265.284974,5.116981,38.380531
542,265.699482,5.139623,38.550356
543,266.113990,5.139623,38.550356
544,266.528497,5.139623,38.550356
545,266.943005,5.139623,38.550356
546,267.357513,5.184906,38.890007
547,267.772021,5.230189,39.229658
548,268.186528,5.252830,39.399483
549,268.601036,5.275472,39.569309
550,269.015544,5.298113,39.739134
551,269.430052,5.524528,41.437387
552,269.844560,5.569811,41.777038
553,270.259067,5.615094,42.116689
554,270.673575,5.683019,42.626165
555,271.088083,5.683019,42.626165
556,271.502591,5.683019,42.626165
557,271.917098,5.683019,42.626165
558,272.331606,5.683019,42.626165
559,272.746114,5.683019,42.626165
560,273.160622,5.705660,42.795990
561,273.575130,5.728302,42.965816
562,273.989637,5.932075,44.494244
563,274.404145,5.932075,44.494244
564,274.818653,5.932075,44.494244
565,275.233161,5.932075,44.494244
566,275.647668,5.932075,44.494244
567,276.062176,5.954717,44.664069
568,276.476684,5.954717,44.664069
569,276.891192,5.954717,44.664069
570,277.305699,5.954717,44.664069
571,277.720207,6.000000,45.003720
572,278.134715,7.109434,53.325163
573,278.549223,7.132075,53.494988
574,278.963731,7.154717,53.664813
575,279.378238,9.147170,68.609445
576,279.792746,9.147170,68.609445
577,280.207254,9.147170,68.609445
578,280.621762,9.147170,68.609445
579,281.036269,9.147170,68.609445
580,281.450777,9.147170,68.609445
581,281.865285,9.147170,68.609445
582,282.279793,9.147170,68.609445
583,282.694301,9.033962,67.760318
584,283.108808,10.075472,75.572285
585,283.523316,10.098113,75.742110
586,283.937824,11.343396,85.082505
587,284.352332,11.366038,85.252330
588,284.766839,11.388679,85.422155
589,285.181347,11.977358,89.837615
590,285.595855,12.000000,90.007440
591,286.010363,12.000000,90.007440
592,286.424870,12.000000,90.007440
593,286.839378,12.000000,90.007440
594,287.253886,12.000000,90.007440
595,287.668394,12.000000,90.007440
596,288.082902,12.022642,90.177265
597,288.497409,12.022642,90.177265
598,288.911917,12.022642,90.177265
599,289.326425,12.022642,90.177265
600,289.740933,12.022642,90.177265
601,290.155440,12.022642,90.177265
602,290.569948,12.022642,90.177265
603,290.984456,12.022642,90.177265
604,291.398964,12.022642,90.177265
605,291.813472,12.022642,90.177265
606,292.227979,12.022642,90.177265
607,292.642487,12.022642,90.177265
608,293.056995,12.022642,90.177265
609,293.471503,12.022642,90.177265
610,293.886010,12.022642,90.177265
611,294.300518,12.022642,90.177265
612,294.715026,12.022642,90.177265
613,295.129534,12.022642,90.177265
614,295.544041,12.022642,90.177265
615,295.958549,12.022642,90.177265
616,296.373057,12.022642,90.177265
617,296.787565,12.022642,90.177265
618,297.202073,12.022642,90.177265
619,297.616580,12.022642,90.177265
620,298.031088,12.022642,90.177265
621,298.445596,12.022642,90.177265
622,298.860104,12.022642,90.177265
623,299.274611,12.022642,90.177265
624,299.689119,12.045283,90.347091
625,300.103627,12.045283,90.347091
626,300.518135,12.045283,90.347091
627,300.932642,12.045283,90.347091
628,301.347150,12.045283,90.347091
629,301.761658,12.045283,90.347091
630,302.176166,12.045283,90.347091
631,302.590674,12.045283,90.347091
632,303.005181,12.045283,90.347091
633,303.419689,12.045283,90.347091
634,303.834197,12.045283,90.347091
635,304.248705,12.045283,90.347091
636,304.663212,12.045283,90.347091
637,305.077720,12.045283,90.347091
638,305.492228,12.045283,90.347091
639,305.906736,12.045283,90.347091
640,306.321244,12.045283,90.347091
641,306.735751,12.045283,90.347091
642,307.150259,12.045283,90.347091
643,307.564767,12.045283,90.347091
644,307.979275,12.045283,90.347091
645,308.393782,12.045283,90.347091
646,308.808290,12.045283,90.347091
647,309.222798,12.045283,90.347091
648,309.637306,12.045283,90.347091
649,310.051813,12.045283,90.347091
650,310.466321,12.045283,90.347091
651,310.880829,12.045283,90.347091
652,311.295337,12.045283,90.347091
653,311.709845,12.045283,90.347091
654,312.124352,12.067925,90.516916
655,312.538860,12.067925,90.516916
656,312.953368,12.067925,90.516916
657,313.367876,12.067925,90.516916
658,313.782383,12.067925,90.516916
659,314.196891,12.067925,90.516916
660,314.611399,12.067925,90.516916
661,315.025907,12.067925,90.516916
662,315.440415,12.067925,90.516916
663,315.854922,12.067925,90.516916
664,316.269430,12.067925,90.516916
665,316.683938,11.796226,88.479012
666,317.098446,11.207547,84.063552
667,317.512953,10.890566,81.685997
668,317.927461,10.890566,81.685997
669,318.341969,10.845283,81.346347
670,318.756477,10.188679,76.421411
671,319.170984,9.916981,74.383507
672,319.585492,9.894340,74.213682
673,320.000000,9.894340,74.213682
674,320.414508,9.871698,74.043856
675,320.829016,9.373585,70.307698
676,321.243523,9.237736,69.288746
677,321.658031,9.215094,69.118921
678,322.072539,9.215094,69.118921
679,322.487047,9.215094,69.118921
680,322.901554,9.215094,69.118921
681,323.316062,9.192453,68.949096
682,323.730570,9.033962,67.760318
683,324.145078,8.739623,65.552588
684,324.559585,8.716981,65.382763
685,324.974093,8.716981,65.382763
686,325.388601,8.694340,65.212938
687,325.803109,8.626415,64.703462
688,326.217617,7.313208,54.853591
689,326.632124,6.520755,48.909703
690,327.046632,6.498113,48.739878
691,327.461140,6.498113,48.739878
692,327.875648,6.498113,48.739878
693,328.290155,6.475472,48.570053
694,328.704663,6.475472,48.570053
695,329.119171,6.452830,48.400227
696,329.533679,6.022642,45.173545
697,329.948187,6.022642,45.173545
698,330.362694,6.022642,45.173545
699,330.777202,6.022642,45.173545
700,331.191710,6.022642,45.173545
701,331.606218,6.022642,45.173545
702,332.020725,6.022642,45.173545
703,332.435233,6.022642,45.173545
704,332.849741,6.045283,45.343371
705,333.264249,6.067925,45.513196
706,333.678756,6.113208,45.852847
707,334.093264,6.701887,50.268306
708,334.507772,6.701887,50.268306
709,334.922280,6.724528,50.438131
710,335.336788,6.792453,50.947608
711,335.751295,6.996226,52.476036
712,336.165803,7.018868,52.645861
713,336.580311,7.267925,54.513940
714,336.994819,7.335849,55.023416
715,337.409326,7.335849,55.023416
716,337.823834,7.335849,55.023416
717,338.238342,7.335849,55.023416
718,338.652850,7.335849,55.023416
719,339.067358,7.335849,55.023416
720,339.481865,7.335849,55.023416
721,339.896373,6.724528,50.438131
722,340.310881,6.724528,50.438131
723,340.725389,6.724528,50.438131
724,341.139896,6.724528,50.438131
725,341.554404,6.724528,50.438131
726,341.968912,6.724528,50.438131
727,342.383420,6.724528,50.438131
728,342.797927,6.815094,51.117433
729,343.212435,6.837736,51.287258
730,343.626943,6.837736,51.287258
731,344.041451,6.837736,51.287258
732,344.455959,6.837736,51.287258
733,344.870466,6.837736,51.287258
734,345.284974,6.837736,51.287258
735,345.699482,6.837736,51.287258
736,346.113990,6.837736,51.287258
737,346.528497,6.837736,51.287258
738,346.943005,6.837736,51.287258
739,347.357513,6.837736,51.287258
740,347.772021,6.837736,51.287258
741,348.186528,6.837736,51.287258
742,348.601036,6.837736,51.287258
743,349.015544,6.837736,51.287258
744,349.430052,6.837736,51.287258
745,349.844560,6.837736,51.287258
746,350.259067,6.837736,51.287258
747,350.673575,6.837736,51.287258
748,351.088083,6.837736,51.287258
749,351.502591,6.837736,51.287258
750,351.917098,6.837736,51.287258
751,352.331606,6.837736,51.287258
752,352.746114,6.996226,52.476036
753,353.160622,7.041509,52.815686
754,353.575130,7.267925,54.513940
755,353.989637,7.652830,57.400971
756,354.404145,7.675472,57.570797
757,354.818653,7.901887,59.269050
758,355.233161,7.901887,59.269050
759,355.647668,7.901887,59.269050
760,356.062176,7.901887,59.269050
761,356.476684,7.901887,59.269050
762,356.891192,7.924528,59.438875
763,357.305699,7.947170,59.608701
764,357.720207,8.037736,60.288002
765,358.134715,8.037736,60.288002
766,358.549223,8.037736,60.288002
767,358.963731,8.037736,60.288002
768,359.378238,8.037736,60.288002
769,359.792746,8.037736,60.288002
770,360.207254,8.083019,60.627653
771,360.621762,8.309434,62.325907
772,361.036269,8.354717,62.665557
773,361.450777,8.400000,63.005208
774,361.865285,9.079245,68.099969
775,362.279793,9.101887,68.269794
776,362.694301,10.732075,80.497220
777,363.108808,10.754717,80.667045
778,363.523316,11.252830,84.403203
779,363.937824,11.909434,89.328139
780,364.352332,12.135849,91.026392
781,364.766839,12.158491,91.196218
782,365.181347,12.158491,91.196218
783,365.595855,12.158491,91.196218
784,366.010363,12.158491,91.196218
785,366.424870,12.181132,91.366043
786,366.839378,12.181132,91.366043
787,367.253886,12.181132,91.366043
788,367.668394,12.181132,91.366043
789,368.082902,12.181132,91.366043
790,368.497409,12.181132,91.366043
791,368.911917,12.181132,91.366043
792,369.326425,12.181132,91.366043
793,369.740933,12.203774,91.535868
794,370.155440,12.135849,91.026392
795,370.569948,12.045283,90.347091
796,370.984456,11.977358,89.837615
797,371.398964,11.909434,89.328139
798,371.813472,11.818868,88.648837
799,372.227979,11.750943,88.139361
800,372.642487,11.750943,88.139361
801,373.056995,11.750943,88.139361
802,373.471503,11.750943,88.139361
803,373.886010,11.750943,88.139361
804,374.300518,11.750943,88.139361
805,374.715026,11.750943,88.139361
806,375.129534,11.750943,88.139361
807,375.544041,11.750943,88.139361
808,375.958549,11.841509,88.818662
809,376.373057,11.886792,89.158313
810,376.787565,11.932075,89.497964
811,377.202073,12.158491,91.196218
812,377.616580,12.181132,91.366043
813,378.031088,12.181132,91.366043
814,378.445596,12.181132,91.366043
815,378.860104,12.181132,91.366043
816,379.274611,12.181132,91.366043
817,379.689119,12.181132,91.366043
818,380.103627,12.181132,91.366043
819,380.518135,12.181132,91.366043
820,380.932642,12.181132,91.366043
821,381.347150,12.022642,90.177265
822,381.761658,12.000000,90.007440
823,382.176166,12.000000,90.007440
824,382.590674,12.000000,90.007440
825,383.005181,12.000000,90.007440
826,383.419689,12.000000,90.007440
827,383.834197,12.000000,90.007440
828,384.248705,12.000000,90.007440
829,384.663212,12.000000,90.007440
830,385.077720,12.000000,90.007440
831,385.492228,12.000000,90.007440
832,385.906736,11.547170,86.610933
833,386.321244,11.524528,86.441107
834,386.735751,11.501887,86.271282
835,387.150259,11.456604,85.931631
836,387.564767,11.275472,84.573029
837,387.979275,11.230189,84.233378
838,388.393782,11.230189,84.233378
839,388.808290,11.207547,84.063552
840,389.222798,11.139623,83.554076
841,389.637306,11.049057,82.874775
842,390.051813,11.003774,82.535124
843,390.466321,10.800000,81.006696
844,390.880829,10.618868,79.648093
845,391.295337,10.596226,79.478268
846,391.709845,10.573585,79.308442
847,392.124352,10.528302,78.968792
848,392.538860,10.075472,75.572285
849,392.953368,9.781132,73.364555
850,393.367876,9.781132,73.364555
851,393.782383,9.758491,73.194730
852,394.196891,9.735849,73.024904
853,394.611399,9.645283,72.345603
854,395.025907,9.622642,72.175777
855,395.440415,9.600000,72.005952
856,395.854922,9.600000,72.005952
857,396.269430,9.600000,72.005952
858,396.683938,9.600000,72.005952
859,397.098446,9.600000,72.005952
860,397.512953,9.600000,72.005952
861,397.927461,9.600000,72.005952
862,398.341969,9.600000,72.005952
863,398.756477,9.577358,71.836127
864,399.170984,9.577358,71.836127
865,399.585492,9.577358,71.836127
866,400.000000,9.577358,71.836127
867,400.414508,9.577358,71.836127
868,400.829016,9.577358,71.836127
869,401.243523,9.577358,71.836127
870,401.658031,9.577358,71.836127
871,402.072539,9.577358,71.836127
872,402.487047,9.577358,71.836127
873,402.901554,9.577358,71.836127
874,403.316062,9.554717,71.666301
875,403.730570,9.509434,71.326651
876,404.145078,9.486792,71.156825
877,404.559585,9.283019,69.628397
878,404.974093,8.988679,67.420667
879,405.388601,8.988679,67.420667
880,405.803109,8.966038,67.250842
881,406.217617,8.898113,66.741366
882,406.632124,8.105660,60.797478
883,407.046632,7.471698,56.042368
884,407.461140,7.267925,54.513940
885,407.875648,7.245283,54.344115
886,408.290155,7.245283,54.344115
887,408.704663,7.200000,54.004464
888,409.119171,6.656604,49.928655
889,409.533679,6.158491,46.192498
890,409.948187,5.003774,37.531404
891,410.362694,4.800000,36.002976
892,410.777202,4.143396,31.078041
893,411.191710,4.120755,30.908215
894,411.606218,4.075472,30.568565
895,412.020725,3.509434,26.322931
896,412.435233,2.988679,22.416947
897,412.849741,2.966038,22.247122
898,413.264249,2.943396,22.077297
899,413.678756,2.898113,21.737646
900,414.093264,2.875472,21.567821
901,414.507772,2.852830,21.397995
902,414.922280,2.830189,21.228170
903,415.336788,2.807547,21.058344
904,415.751295,2.716981,20.379043
905,416.165803,2.150943,16.133409
906,416.580311,1.924528,14.435155
907,416.994819,1.879245,14.095505
908,417.409326,1.584906,11.887775
909,417.823834,1.426415,10.698998
910,418.238342,1.403774,10.529172
911,418.652850,1.403774,10.529172
912,419.067358,1.403774,10.529172
913,419.481865,1.403774,10.529172
914,419.896373,1.403774,10.529172
915,420.310881,1.403774,10.529172
916,420.725389,1.403774,10.529172
917,421.139896,1.403774,10.529172
918,421.554404,1.403774,10.529172
919,421.968912,1.403774,10.529172
920,422.383420,1.471698,11.038648
921,422.797927,1.494340,11.208474
922,423.212435,1.992453,14.944632
923,423.626943,1.992453,14.944632
924,424.041451,1.992453,14.944632
925,424.455959,1.992453,14.944632
926,424.870466,1.992453,14.944632
927,425.284974,1.992453,14.944632
928,425.699482,1.992453,14.944632
929,426.113990,1.947170,14.604981
930,426.528497,1.947170,14.604981
931,426.943005,1.947170,14.604981
932,427.357513,1.947170,14.604981
933,427.772021,1.947170,14.604981
934,428.186528,1.947170,14.604981
935,428.601036,1.924528,14.435155
936,429.015544,1.879245,14.095505
937,429.430052,1.109434,8.321443
938,429.844560,0.860377,6.453364
939,430.259067,0.837736,6.283538
940,430.673575,0.815094,6.113713
941,431.088083,0.566038,4.245634
942,431.502591,0.543396,4.075809
943,431.917098,0.543396,4.075809
944,432.331606,0.543396,4.075809
945,432.746114,0.543396,4.075809
946,433.160622,0.543396,4.075809
947,433.575130,0.543396,4.075809
948,433.989637,0.543396,4.075809
949,434.404145,0.543396,4.075809
950,434.818653,1.109434,8.321443
951,435.233161,1.132075,8.491268
952,435.647668,1.132075,8.491268
953,436.062176,1.132075,8.491268
954,436.476684,1.132075,8.491268
955,436.891192,1.132075,8.491268
956,437.305699,1.132075,8.491268
957,437.720207,1.154717,8.661093
958,438.134715,1.494340,11.208474
959,438.549223,1.494340,11.208474
960,438.963731,1.494340,11.208474
961,439.378238,1.494340,11.208474
962,439.792746,1.494340,11.208474
963,440.207254,1.494340,11.208474
964,440.621762,1.494340,11.208474
965,441.036269,1.494340,11.208474
966,441.450777,1.494340,11.208474
967,441.865285,1.494340,11.208474
968,442.279793,1.494340,11.208474
969,442.694301,1.494340,11.208474
970,443.108808,1.494340,11.208474
971,443.523316,1.494340,11.208474
972,443.937824,1.494340,11.208474
973,444.352332,1.494340,11.208474
974,444.766839,1.494340,11.208474
975,445.181347,1.494340,11.208474
976,445.595855,1.494340,11.208474
977,446.010363,1.494340,11.208474
978,446.424870,1.494340,11.208474
979,446.839378,1.494340,11.208474
980,447.253886,1.494340,11.208474
981,447.668394,1.494340,11.208474
982,448.082902,1.064151,7.981792
983,448.497409,1.018868,7.642141
984,448.911917,1.018868,7.642141
985,449.326425,1.018868,7.642141
986,449.740933,1.018868,7.642141
987,450.155440,1.018868,7.642141
988,450.569948,1.018868,7.642141
989,450.984456,1.018868,7.642141
990,451.398964,1.018868,7.642141
991,451.813472,1.018868,7.642141
992,452.227979,1.018868,7.642141
993,452.642487,1.018868,7.642141
994,453.056995,1.018868,7.642141
995,453.471503,1.018868,7.642141
996,453.886010,1.018868,7.642141
997,454.300518,1.562264,11.717950
998,454.715026,1.562264,11.717950
999,455.129534,1.562264,11.717950
1000,455.544041,1.562264,11.717950
1001,455.958549,1.562264,11.717950
1002,456.373057,1.584906,11.887775
1003,456.787565,1.788679,13.416203
1004,457.202073,1.811321,13.586029
1005,457.616580,1.833962,13.755854
1006,458.031088,2.173585,16.303234
1007,458.445596,2.196226,16.473060
1008,458.860104,2.196226,16.473060
1009,459.274611,2.196226,16.473060
1010,459.689119,2.196226,16.473060
1011,460.103627,2.196226,16.473060
1012,460.518135,2.196226,16.473060
1013,460.932642,2.196226,16.473060
1014,461.347150,2.196226,16.473060
1015,461.761658,2.196226,16.473060
1016,462.176166,2.196226,16.473060
1017,462.590674,3.101887,23.266074
1018,463.005181,3.101887,23.266074
1019,463.419689,3.147170,23.605725
1020,463.834197,6.588679,49.419179
1021,464.248705,10.052830,75.402459
1022,464.663212,10.166038,76.251586
1023,465.077720,9.554717,71.666301
1024,465.492228,10.935849,82.025648
1025,465.906736,10.935849,82.025648
1026,466.321244,10.935849,82.025648
1027,466.735751,10.935849,82.025648
1028,467.150259,10.935849,82.025648
1029,467.564767,10.935849,82.025648
1030,467.979275,10.935849,82.025648
1031,468.393782,10.935849,82.025648
1032,468.808290,10.913208,81.855823
1033,469.222798,10.913208,81.855823
1034,469.637306,10.913208,81.855823
1035,470.051813,10.913208,81.855823
1036,470.466321,10.913208,81.855823
1037,470.880829,10.913208,81.855823
1038,471.295337,10.913208,81.855823
1039,471.709845,10.935849,82.025648
1040,472.124352,10.958491,82.195474
1041,472.538860,10.981132,82.365299
1042,472.953368,10.981132,82.365299
1043,473.367876,10.981132,82.365299
1044,473.782383,10.981132,82.365299
1045,474.196891,10.981132,82.365299
1046,474.611399,10.981132,82.365299
1047,475.025907,10.981132,82.365299
1048,475.440415,10.981132,82.365299
1049,475.854922,10.958491,82.195474
1050,476.269430,10.935849,82.025648
1051,476.683938,10.890566,81.685997
1052,477.098446,10.618868,79.648093
1053,477.512953,10.573585,79.308442
1054,477.927461,10.550943,79.138617
1055,478.341969,10.528302,78.968792
1056,478.756477,10.369811,77.780014
1057,479.170984,10.324528,77.440363
1058,479.585492,10.324528,77.440363
1059,480.000000,10.301887,77.270538
1060,480.414508,10.256604,76.930887
1061,480.829016,10.233962,76.761062
1062,481.243523,10.211321,76.591237
1063,481.658031,10.075472,75.572285
1064,482.072539,9.781132,73.364555
1065,482.487047,9.101887,68.269794
1066,482.901554,9.079245,68.099969
1067,483.316062,9.079245,68.099969
1068,483.730570,9.079245,68.099969
1069,484.145078,9.056604,67.930143
1070,484.559585,9.056604,67.930143
1071,484.974093,9.056604,67.930143
1072,485.388601,9.056604,67.930143
1073,485.803109,9.056604,67.930143
1074,486.217617,9.056604,67.930143
1075,486.632124,9.056604,67.930143
1076,487.046632,9.056604,67.930143
1077,487.461140,9.056604,67.930143
1078,487.875648,9.056604,67.930143
1079,488.290155,9.215094,69.118921
1080,488.704663,9.237736,69.288746
1081,489.119171,9.260377,69.458572
1082,489.533679,9.283019,69.628397
1083,489.948187,9.328302,69.968048
1084,490.362694,9.350943,70.137873
1085,490.777202,9.577358,71.836127
1086,491.191710,9.600000,72.005952
1087,491.606218,9.600000,72.005952
1088,492.020725,9.600000,72.005952
1089,492.435233,9.600000,72.005952
1090,492.849741,9.600000,72.005952
1091,493.264249,9.600000,72.005952
1092,493.678756,9.600000,72.005952
1093,494.093264,9.283019,69.628397
1094,494.507772,8.988679,67.420667
1095,494.922280,8.671698,65.043112
1096,495.336788,8.354717,62.665557
1097,495.751295,8.060377,60.457828
1098,496.165803,7.743396,58.080273
1099,496.580311,7.426415,55.702718
1100,496.994819,7.132075,53.494988
1101,497.409326,6.815094,51.117433
1102,497.823834,6.520755,48.909703
1103,498.238342,6.203774,46.532148
1104,498.652850,5.886792,44.154593
1105,499.067358,5.592453,41.946864
1106,499.481865,5.275472,39.569309
1107,499.896373,4.958491,37.191754
1108,500.310881,4.664151,34.984024
1109,500.725389,4.347170,32.606469
1110,501.139896,4.030189,30.228914
1111,501.554404,3.735849,28.021184
1112,501.968912,3.418868,25.643629
1113,502.383420,3.101887,23.266074
1114,502.797927,2.807547,21.058344
1115,503.212435,2.490566,18.680789
1116,503.626943,2.196226,16.473060
1117,504.041451,1.879245,14.095505
1118,504.455959,1.562264,11.717950
1119,504.870466,1.267925,9.510220
1120,505.284974,0.950943,7.132665
1121,505.699482,0.633962,4.755110
1122,506.113990,0.339623,2.547380
1123,506.528497,0.022642,0.169825
1124,506.943005,0.022642,0.169825
1125,507.357513,0.022642,0.169825
1126,507.772021,0.022642,0.169825
1127,508.186528,0.022642,0.169825
1128,508.601036,0.022642,0.169825
1129,509.015544,0.045283,0.339651
1130,509.430052,0.135849,1.018952
1131,509.844560,0.158491,1.188778
1132,510.259067,0.158491,1.188778
1133,510.673575,0.181132,1.358603
1134,511.088083,0.226415,1.698254
1135,511.502591,0.249057,1.868079
1136,511.917098,0.271698,2.037904
1137,512.331606,0.271698,2.037904
1138,512.746114,0.271698,2.037904
1139,513.160622,0.271698,2.037904
1140,513.575130,0.271698,2.037904
1141,513.989637,0.271698,2.037904
1142,514.404145,0.271698,2.037904
1143,514.818653,0.271698,2.037904
1144,515.233161,0.271698,2.037904
1145,515.647668,0.271698,2.037904
1146,516.062176,0.271698,2.037904
1147,516.476684,0.271698,2.037904
1148,516.891192,0.294340,2.207730
1149,517.305699,0.294340,2.207730
1150,517.720207,0.294340,2.207730
1151,518.134715,0.294340,2.207730
1152,518.549223,0.294340,2.207730
1153,518.963731,0.294340,2.207730
1154,519.378238,0.294340,2.207730
1155,519.792746,0.294340,2.207730
1156,520.207254,0.294340,2.207730
1157,520.621762,0.294340,2.207730
1158,521.036269,0.294340,2.207730
1159,521.450777,0.294340,2.207730
1160,521.865285,0.294340,2.207730
1161,522.279793,0.294340,2.207730
1162,522.694301,0.294340,2.207730
1163,523.108808,0.294340,2.207730
1164,523.523316,0.294340,2.207730
1165,523.937824,0.294340,2.207730
1166,524.352332,0.294340,2.207730
1167,524.766839,0.294340,2.207730
1168,525.181347,0.294340,2.207730
1169,525.595855,0.294340,2.207730
1170,526.010363,0.294340,2.207730
1171,526.424870,0.294340,2.207730
1172,526.839378,0.294340,2.207730
1173,527.253886,0.294340,2.207730
1174,527.668394,0.316981,2.377555
1175,528.082902,0.316981,2.377555
1176,528.497409,0.316981,2.377555
1177,528.911917,0.316981,2.377555
1178,529.326425,0.316981,2.377555
1179,529.740933,0.316981,2.377555
1180,530.155440,0.316981,2.377555
1181,530.569948,0.316981,2.377555
1182,530.984456,0.316981,2.377555
1183,531.398964,0.316981,2.377555
1184,531.813472,0.316981,2.377555
1185,532.227979,0.316981,2.377555
1186,532.642487,0.316981,2.377555
1187,533.056995,0.316981,2.377555
1188,533.471503,0.316981,2.377555
1189,533.886010,0.316981,2.377555
1190,534.300518,0.316981,2.377555
1191,534.715026,0.316981,2.377555
1192,535.129534,0.316981,2.377555
1193,535.544041,0.316981,2.377555
1194,535.958549,0.316981,2.377555
1195,536.373057,0.316981,2.377555
1196,536.787565,0.316981,2.377555
1197,537.202073,0.316981,2.377555
1198,537.616580,0.316981,2.377555
1199,538.031088,0.316981,2.377555
1200,538.445596,0.316981,2.377555
1201,538.860104,0.339623,2.547380
1202,539.274611,0.339623,2.547380
1203,539.689119,0.339623,2.547380
1204,540.103627,0.339623,2.547380
1205,540.518135,0.339623,2.547380
1206,540.932642,0.339623,2.547380
1207,541.347150,0.339623,2.547380
1208,541.761658,0.339623,2.547380
1209,542.176166,0.339623,2.547380
1210,542.590674,0.339623,2.547380
1211,543.005181,0.339623,2.547380
1212,543.419689,0.339623,2.547380
1213,543.834197,0.339623,2.547380
1214,544.248705,0.339623,2.547380
1215,544.663212,0.339623,2.547380
1216,545.077720,0.339623,2.547380
1217,545.492228,0.339623,2.547380
1218,545.906736,0.339623,2.547380
1219,546.321244,0.339623,2.547380
1220,546.735751,0.339623,2.547380
1221,547.150259,0.339623,2.547380
1222,547.564767,0.339623,2.547380
1223,547.979275,0.339623,2.547380
1224,548.393782,0.339623,2.547380
1225,548.808290,0.339623,2.547380
1226,549.222798,0.362264,2.717206
1227,549.637306,0.362264,2.717206
1228,550.051813,0.362264,2.717206
1229,550.466321,0.362264,2.717206
1230,550.880829,0.362264,2.717206
1231,551.295337,0.362264,2.717206
1232,551.709845,0.362264,2.717206
1233,552.124352,0.362264,2.717206
1234,552.538860,0.362264,2.717206
1235,552.953368,0.362264,2.717206
1236,553.367876,0.362264,2.717206
1237,553.782383,0.362264,2.717206
1238,554.196891,0.362264,2.717206
1239,554.611399,0.362264,2.717206
1240,555.025907,0.362264,2.717206
1241,555.440415,0.362264,2.717206
1242,555.854922,0.362264,2.717206
1243,556.269430,0.362264,2.717206
1244,556.683938,0.362264,2.717206
1245,557.098446,0.362264,2.717206
1246,557.512953,0.362264,2.717206
1247,557.927461,0.362264,2.717206
1248,558.341969,0.362264,2.717206
1249,558.756477,0.384906,2.887031
1250,559.170984,0.384906,2.887031
1251,559.585492,0.384906,2.887031
1252,560.000000,0.384906,2.887031
1253,560.414508,0.384906,2.887031
1254,560.829016,0.384906,2.887031
1255,561.243523,0.384906,2.887031
1256,561.658031,0.384906,2.887031
1257,562.072539,0.384906,2.887031
1258,562.487047,0.384906,2.887031
1259,562.901554,0.384906,2.887031
1260,563.316062,0.384906,2.887031
1261,563.730570,0.384906,2.887031
1262,564.145078,0.384906,2.887031
1263,564.559585,0.384906,2.887031
1264,564.974093,0.384906,2.887031
1265,565.388601,0.384906,2.887031
1266,565.803109,0.384906,2.887031
1267,566.217617,0.384906,2.887031
1268,566.632124,0.384906,2.887031
1269,567.046632,0.384906,2.887031
1270,567.461140,0.384906,2.887031
1271,567.875648,0.384906,2.887031
1272,568.290155,0.384906,2.887031
1273,568.704663,0.384906,2.887031
1274,569.119171,0.384906,2.887031
1275,569.533679,0.407547,3.056856
1276,569.948187,0.407547,3.056856
1277,570.362694,0.407547,3.056856
1278,570.777202,0.407547,3.056856
1279,571.191710,0.407547,3.056856
1280,571.606218,0.407547,3.056856
1281,572.020725,0.407547,3.056856
1282,572.435233,0.407547,3.056856
1283,572.849741,0.407547,3.056856
1284,573.264249,0.407547,3.056856
1285,573.678756,0.407547,3.056856
1286,574.093264,0.407547,3.056856
1287,574.507772,0.407547,3.056856
1288,574.922280,0.407547,3.056856
1289,575.336788,0.407547,3.056856
1290,575.751295,0.407547,3.056856
1291,576.165803,0.407547,3.056856
1292,576.580311,0.407547,3.056856
1293,576.994819,0.407547,3.056856
1294,577.409326,0.407547,3.056856
1295,577.823834,0.407547,3.056856
1296,578.238342,0.407547,3.056856
1297,578.652850,0.407547,3.056856
1298,579.067358,0.407547,3.056856
1299,579.481865,0.430189,3.226682
1300,579.896373,0.430189,3.226682
1301,580.310881,0.430189,3.226682
1302,580.725389,0.430189,3.226682
1303,581.139896,0.430189,3.226682
1304,581.554404,0.430189,3.226682
1305,581.968912,0.430189,3.226682
1306,582.383420,0.430189,3.226682
1307,582.797927,0.430189,3.226682
1308,583.212435,0.430189,3.226682
1309,583.626943,0.430189,3.226682
1310,584.041451,0.430189,3.226682
1311,584.455959,0.430189,3.226682
1312,584.870466,0.430189,3.226682
1313,585.284974,0.430189,3.226682
1314,585.699482,0.430189,3.226682
1315,586.113990,0.430189,3.226682
1316,586.528497,0.430189,3.226682
1317,586.943005,0.430189,3.226682
1318,587.357513,0.430189,3.226682
1319,587.772021,0.430189,3.226682
1320,588.186528,0.430189,3.226682
1321,588.601036,0.430189,3.226682
1322,589.015544,0.430189,3.226682
1323,589.430052,0.430189,3.226682
1324,589.844560,0.452830,3.396507
1325,590.259067,0.452830,3.396507
1326,590.673575,0.452830,3.396507
1327,591.088083,0.452830,3.396507
1328,591.502591,0.452830,3.396507
1329,591.917098,0.452830,3.396507
1330,592.331606,0.452830,3.396507
1331,592.746114,0.452830,3.396507
1332,593.160622,0.452830,3.396507
1333,593.575130,0.452830,3.396507
1334,593.989637,0.452830,3.396507
1335,594.404145,0.452830,3.396507
1336,594.818653,0.452830,3.396507
1337,595.233161,0.452830,3.396507
1338,595.647668,0.452830,3.396507
1339,596.062176,0.452830,3.396507
1340,596.476684,0.452830,3.396507
1341,596.891192,0.452830,3.396507
1342,597.305699,0.452830,3.396507
1343,597.720207,0.452830,3.396507
1344,598.134715,0.452830,3.396507
1345,598.549223,0.452830,3.396507
1346,598.963731,0.475472,3.566333
1347,599.378238,0.475472,3.566333
1348,599.792746,0.475472,3.566333
1349,600.207254,0.475472,3.566333
1350,600.621762,0.475472,3.566333
1351,601.036269,0.475472,3.566333
1352,601.450777,0.475472,3.566333
1353,601.865285,0.475472,3.566333
1354,602.279793,0.475472,3.566333
1355,602.694301,0.475472,3.566333
1356,603.108808,0.475472,3.566333
1357,603.523316,0.475472,3.566333
1358,603.937824,0.475472,3.566333
1359,604.352332,0.475472,3.566333
1360,604.766839,0.475472,3.566333
1361,605.181347,0.475472,3.566333
1362,605.595855,0.475472,3.566333
1363,606.010363,0.475472,3.566333
1364,606.424870,0.475472,3.566333
1365,606.839378,0.475472,3.566333
1366,607.253886,0.475472,3.566333
1367,607.668394,0.475472,3.566333
1368,608.082902,0.475472,3.566333
1369,608.497409,0.475472,3.566333
1370,608.911917,0.475472,3.566333
1371,609.326425,0.475472,3.566333
1372,609.740933,0.498113,3.736158
1373,610.155440,0.498113,3.736158
1374,610.569948,0.498113,3.736158
1375,610.984456,0.498113,3.736158
1376,611.398964,0.498113,3.736158
1377,611.813472,0.498113,3.736158
1378,612.227979,0.498113,3.736158
1379,612.642487,0.498113,3.736158
1380,613.056995,0.498113,3.736158
1381,613.471503,0.498113,3.736158
1382,613.886010,0.498113,3.736158
1383,614.300518,0.498113,3.736158
1384,614.715026,0.498113,3.736158
1385,615.129534,0.498113,3.736158
1386,615.544041,0.498113,3.736158
1387,615.958549,0.498113,3.736158
1388,616.373057,0.498113,3.736158
1389,616.787565,0.498113,3.736158
1390,617.202073,0.498113,3.736158
1391,617.616580,0.498113,3.736158
1392,618.031088,0.498113,3.736158
1393,618.445596,0.498113,3.736158
1394,618.860104,0.498113,3.736158
1395,619.274611,0.498113,3.736158
1396,619.689119,0.498113,3.736158
1397,620.103627,0.498113,3.736158
1398,620.518135,0.498113,3.736158
1399,620.932642,0.520755,3.905983
1400,621.347150,0.520755,3.905983
1401,621.761658,0.520755,3.905983
1402,622.176166,0.520755,3.905983
1403,622.590674,0.520755,3.905983
1404,623.005181,0.520755,3.905983
1405,623.419689,0.520755,3.905983
1406,623.834197,0.520755,3.905983
1407,624.248705,0.520755,3.905983
1408,624.663212,0.520755,3.905983
1409,625.077720,0.520755,3.905983
1410,625.492228,0.520755,3.905983
1411,625.906736,0.520755,3.905983
1412,626.321244,0.520755,3.905983
1413,626.735751,0.520755,3.905983
1414,627.150259,0.520755,3.905983
1415,627.564767,0.520755,3.905983
1416,627.979275,0.520755,3.905983
1417,628.393782,0.543396,4.075809
1418,628.808290,0.611321,4.585285
1419,629.222798,0.656604,4.924935
1420,629.637306,0.656604,4.924935
1421,630.051813,0.656604,4.924935
1422,630.466321,0.656604,4.924935
1423,630.880829,0.679245,5.094761
1424,631.295337,0.701887,5.264586
1425,631.709845,0.724528,5.434411
1426,632.124352,0.724528,5.434411
1427,632.538860,0.747170,5.604237
1428,632.953368,0.747170,5.604237
1429,633.367876,0.747170,5.604237
1430,633.782383,0.747170,5.604237
1431,634.196891,0.747170,5.604237
1432,634.611399,0.747170,5.604237
1433,635.025907,0.747170,5.604237
1434,635.440415,0.747170,5.604237
1435,635.854922,0.747170,5.604237
1436,636.269430,0.747170,5.604237
1437,636.683938,0.747170,5.604237
1438,637.098446,0.747170,5.604237
1439,637.512953,0.747170,5.604237
1440,637.927461,0.747170,5.604237
1441,638.341969,0.747170,5.604237
1442,638.756477,0.747170,5.604237
1443,639.170984,0.769811,5.774062
1444,639.585492,0.769811,5.774062
1445,640.000000,0.769811,5.774062
1446,640.414508,0.769811,5.774062
1447,640.829016,0.769811,5.774062
1448,641.243523,0.769811,5.774062
1449,641.658031,0.769811,5.774062
1450,642.072539,0.769811,5.774062
1451,642.487047,0.769811,5.774062
1452,642.901554,0.769811,5.774062
1453,643.316062,0.769811,5.774062
1454,643.730570,0.769811,5.774062
1455,644.145078,0.769811,5.774062
1456,644.559585,0.769811,5.774062
1457,644.974093,0.769811,5.774062
1458,645.388601,0.769811,5.774062
1459,645.803109,0.769811,5.774062
1460,646.217617,0.769811,5.774062
1461,646.632124,0.769811,5.774062
1462,647.046632,0.769811,5.774062
1463,647.461140,0.769811,5.774062
1464,647.875648,0.769811,5.774062
1465,648.290155,0.769811,5.774062
1466,648.704663,0.769811,5.774062
1467,649.119171,0.769811,5.774062
1468,649.533679,0.769811,5.774062
1469,649.948187,0.769811,5.774062
1470,650.362694,0.769811,5.774062
1471,650.777202,0.769811,5.774062
1472,651.191710,0.769811,5.774062
1473,651.606218,0.769811,5.774062
1474,652.020725,0.769811,5.774062
1475,652.435233,0.769811,5.774062
1476,652.849741,0.769811,5.774062
1477,653.264249,0.769811,5.774062
1478,653.678756,0.769811,5.774062
1479,654.093264,0.769811,5.774062
1480,654.507772,0.769811,5.774062
1481,654.922280,0.769811,5.774062
1482,655.336788,0.769811,5.774062
1483,655.751295,0.769811,5.774062
1484,656.165803,0.769811,5.774062
1485,656.580311,0.769811,5.774062
1486,656.994819,0.769811,5.774062
1487,657.409326,0.769811,5.774062
1488,657.823834,0.769811,5.774062
1489,658.238342,0.769811,5.774062
1490,658.652850,0.769811,5.774062
1491,659.067358,0.769811,5.774062
1492,659.481865,0.769811,5.774062
1493,659.896373,0.769811,5.774062
1494,660.310881,0.769811,5.774062
1495,660.725389,0.769811,5.774062
1496,661.139896,0.769811,5.774062
1497,661.554404,0.769811,5.774062
1498,661.968912,0.769811,5.774062
1499,662.383420,0.769811,5.774062
1500,662.797927,0.769811,5.774062
1501,663.212435,0.769811,5.774062
1502,663.626943,0.769811,5.774062
1503,664.041451,0.769811,5.774062
1504,664.455959,0.769811,5.774062
1505,664.870466,0.769811,5.774062
1506,665.284974,0.769811,5.774062
1507,665.699482,0.769811,5.774062
1508,666.113990,0.769811,5.774062
1509,666.528497,0.769811,5.774062
1510,666.943005,0.769811,5.774062
1511,667.357513,0.769811,5.774062
1512,667.772021,0.769811,5.774062
1513,668.186528,0.769811,5.774062
1514,668.601036,0.769811,5.774062
1515,669.015544,0.769811,5.774062
1516,669.430052,0.769811,5.774062
1517,669.844560,0.769811,5.774062
1518,670.259067,0.769811,5.774062
1519,670.673575,0.769811,5.774062
1520,671.088083,0.769811,5.774062
1521,671.502591,0.769811,5.774062
1522,671.917098,0.769811,5.774062
1523,672.331606,0.769811,5.774062
1524,672.746114,0.769811,5.774062
1525,673.160622,0.769811,5.774062
1526,673.575130,0.769811,5.774062
1527,673.989637,0.769811,5.774062
1528,674.404145,0.769811,5.774062
1529,674.818653,0.769811,5.774062
1530,675.233161,0.769811,5.774062
1531,675.647668,6.769811,50.777782
1532,676.062176,12.769811,95.781502
1533,676.476684,12.769811,95.781502
1534,676.891192,12.769811,95.781502
1535,677.305699,12.769811,95.781502
1536,677.720207,12.769811,95.781502
1537,678.134715,12.769811,95.781502
1538,678.549223,12.769811,95.781502
1539,678.963731,12.769811,95.781502
1540,679.378238,12.769811,95.781502
1541,679.792746,12.769811,95.781502
1542,680.207254,12.769811,95.781502
1543,680.621762,12.769811,95.781502
1544,681.036269,12.769811,95.781502
1545,681.450777,12.769811,95.781502
1546,681.865285,12.452830,93.403947
1547,682.279793,11.954717,89.667789
1548,682.694301,11.864151,88.988488
1549,683.108808,11.660377,87.460060
1550,683.523316,11.298113,84.742854
1551,683.937824,10.913208,81.855823
1552,684.352332,10.550943,79.138617
1553,684.766839,10.188679,76.421411
1554,685.181347,9.803774,73.534380
1555,685.595855,9.441509,70.817174
1556,686.010363,9.079245,68.099969
1557,686.424870,8.694340,65.212938
1558,686.839378,8.332075,62.495732
1559,687.253886,7.947170,59.608701
1560,687.668394,7.584906,56.891495
1561,688.082902,7.222642,54.174289
1562,688.497409,6.837736,51.287258
1563,688.911917,6.475472,48.570053
1564,689.326425,6.475472,48.570053
1565,689.740933,6.475472,48.570053
1566,690.155440,6.475472,48.570053
1567,690.569948,6.430189,48.230402
1568,690.984456,6.045283,45.343371
1569,691.398964,5.637736,42.286514
1570,691.813472,5.411321,40.588261
1571,692.227979,4.867925,36.512452
1572,692.642487,4.460377,33.455596
1573,693.056995,4.256604,31.927167
1574,693.471503,4.233962,31.757342
1575,693.886010,4.211321,31.587517
1576,694.300518,4.188679,31.417691
1577,694.715026,4.098113,30.738390
1578,695.129534,3.418868,25.643629
1579,695.544041,3.033962,22.756598
1580,695.958549,2.875472,21.567821
1581,696.373057,2.852830,21.397995
1582,696.787565,2.830189,21.228170
1583,697.202073,2.807547,21.058344
1584,697.616580,2.762264,20.718694
1585,698.031088,2.241509,16.812710
1586,698.445596,2.196226,16.473060
1587,698.860104,2.173585,16.303234
1588,699.274611,2.150943,16.133409
1589,699.689119,2.105660,15.793758
1590,700.103627,1.856604,13.925679
1591,700.518135,1.833962,13.755854
1592,700.932642,1.788679,13.416203
1593,701.347150,1.698113,12.736902
1594,701.761658,1.652830,12.397251
1595,702.176166,1.652830,12.397251
1596,702.590674,1.630189,12.227426
1597,703.005181,1.607547,12.057600
1598,703.419689,1.584906,11.887775
1599,703.834197,1.584906,11.887775
1600,704.248705,1.584906,11.887775
1601,704.663212,1.584906,11.887775
1602,705.077720,1.584906,11.887775
1603,705.492228,1.584906,11.887775
1604,705.906736,1.584906,11.887775
1605,706.321244,1.584906,11.887775
1606,706.735751,1.584906,11.887775
1607,707.150259,1.584906,11.887775
1608,707.564767,1.562264,11.717950
1609,707.979275,1.562264,11.717950
1610,708.393782,1.516981,11.378299
1611,708.808290,1.494340,11.208474
1612,709.222798,1.471698,11.038648
1613,709.637306,1.471698,11.038648
1614,710.051813,1.471698,11.038648
1615,710.466321,1.471698,11.038648
1616,710.880829,1.471698,11.038648
1617,711.295337,1.471698,11.038648
1618,711.709845,1.471698,11.038648
1619,712.124352,1.471698,11.038648
1620,712.538860,1.471698,11.038648
1621,712.953368,1.471698,11.038648
1622,713.367876,1.471698,11.038648
1623,713.782383,1.471698,11.038648
1624,714.196891,1.471698,11.038648
1625,714.611399,1.471698,11.038648
1626,715.025907,1.471698,11.038648
1627,715.440415,1.471698,11.038648
1628,715.854922,1.471698,11.038648
1629,716.269430,1.471698,11.038648
1630,716.683938,1.471698,11.038648
1631,717.098446,1.471698,11.038648
1632,717.512953,1.471698,11.038648
1633,717.927461,1.471698,11.038648
1634,718.341969,1.471698,11.038648
1635,718.756477,1.471698,11.038648
1636,719.170984,1.471698,11.038648
1637,719.585492,1.471698,11.038648
1638,720.000000,1.471698,11.038648
1639,720.414508,1.471698,11.038648
1640,720.829016,1.471698,11.038648
1641,721.243523,1.471698,11.038648
1642,721.658031,1.471698,11.038648
1643,722.072539,1.471698,11.038648
1644,722.487047,1.471698,11.038648
1645,722.901554,1.471698,11.038648
1646,723.316062,1.471698,11.038648
1647,723.730570,1.471698,11.038648
1648,724.145078,1.471698,11.038648
1649,724.559585,1.471698,11.038648
1650,724.974093,1.471698,11.038648
1651,725.388601,1.471698,11.038648
1652,725.803109,1.471698,11.038648
1653,726.217617,1.471698,11.038648
1654,726.632124,1.471698,11.038648
1655,727.046632,1.471698,11.038648
1656,727.461140,1.471698,11.038648
1657,727.875648,1.471698,11.038648
1658,728.290155,1.471698,11.038648
1659,728.704663,1.471698,11.038648
1660,729.119171,1.471698,11.038648
1661,729.533679,1.471698,11.038648
1662,729.948187,1.471698,11.038648
1663,730.362694,1.471698,11.038648
1664,730.777202,1.471698,11.038648
1665,731.191710,1.471698,11.038648
1666,731.606218,1.471698,11.038648
1667,732.020725,1.471698,11.038648
1668,732.435233,1.471698,11.038648
1669,732.849741,1.471698,11.038648
1670,733.264249,1.471698,11.038648
1671,733.678756,1.471698,11.038648
1672,734.093264,1.471698,11.038648
1673,734.507772,1.471698,11.038648
1674,734.922280,1.471698,11.038648
1675,735.336788,1.471698,11.038648
1676,735.751295,1.471698,11.038648
1677,736.165803,1.471698,11.038648
1678,736.580311,1.471698,11.038648
1679,736.994819,1.471698,11.038648
1680,737.409326,1.471698,11.038648
1681,737.823834,1.471698,11.038648
1682,738.238342,1.471698,11.038648
1683,738.652850,1.471698,11.038648
1684,739.067358,1.471698,11.038648
1685,739.481865,1.471698,11.038648
1686,739.896373,1.471698,11.038648
1687,740.310881,1.471698,11.038648
1688,740.725389,1.471698,11.038648
1689,741.139896,1.471698,11.038648
1690,741.554404,1.471698,11.038648
1691,741.968912,1.471698,11.038648
1692,742.383420,1.471698,11.038648
1693,742.797927,1.471698,11.038648
1694,743.212435,1.471698,11.038648
1695,743.626943,1.471698,11.038648
1696,744.041451,1.471698,11.038648
1697,744.455959,1.471698,11.038648
1698,744.870466,1.471698,11.038648
1699,745.284974,1.471698,11.038648
1700,745.699482,1.471698,11.038648
1701,746.113990,1.471698,11.038648
1702,746.528497,1.471698,11.038648
1703,746.943005,1.471698,11.038648
1704,747.357513,1.471698,11.038648
1705,747.772021,1.471698,11.038648
1706,748.186528,1.471698,11.038648
1707,748.601036,1.471698,11.038648
1708,749.015544,1.471698,11.038648
1709,749.430052,1.471698,11.038648
1710,749.844560,1.471698,11.038648
1711,750.259067,1.471698,11.038648
1712,750.673575,1.471698,11.038648
1713,751.088083,1.471698,11.038648
1714,751.502591,1.471698,11.038648
1715,751.917098,1.471698,11.038648
1716,752.331606,1.471698,11.038648
1717,752.746114,1.471698,11.038648
1718,753.160622,1.471698,11.038648
1719,753.575130,1.471698,11.038648
1720,753.989637,1.471698,11.038648
1721,754.404145,1.471698,11.038648
1722,754.818653,1.471698,11.038648
1723,755.233161,1.471698,11.038648
1724,755.647668,1.471698,11.038648
1725,756.062176,1.471698,11.038648
1726,756.476684,1.471698,11.038648
1727,756.891192,1.471698,11.038648
1728,757.305699,1.471698,11.038648
1729,757.720207,1.471698,11.038648
1730,758.134715,1.471698,11.038648
1731,758.549223,1.471698,11.038648
1732,758.963731,1.471698,11.038648
1733,759.378238,1.471698,11.038648
1734,759.792746,1.471698,11.038648
1735,760.207254,1.471698,11.038648
1736,760.621762,1.471698,11.038648
1737,761.036269,1.471698,11.038648
1738,761.450777,1.471698,11.038648
1739,761.865285,1.471698,11.038648
1740,762.279793,1.471698,11.038648
1741,762.694301,1.471698,11.038648
1742,763.108808,1.471698,11.038648
1743,763.523316,1.471698,11.038648
1744,763.937824,1.494340,11.208474
1745,764.352332,1.494340,11.208474
1746,764.766839,1.494340,11.208474
1747,765.181347,1.494340,11.208474
1748,765.595855,1.494340,11.208474
1749,766.010363,1.494340,11.208474
1750,766.424870,1.494340,11.208474
1751,766.839378,1.494340,11.208474
1752,767.253886,1.494340,11.208474
1753,767.668394,1.494340,11.208474
1754,768.082902,1.494340,11.208474
1755,768.497409,1.494340,11.208474
1756,768.911917,1.494340,11.208474
1757,769.326425,1.494340,11.208474
1758,769.740933,1.494340,11.208474
1759,770.155440,1.494340,11.208474
1760,770.569948,1.494340,11.208474
1761,770.984456,1.494340,11.208474
1762,771.398964,1.494340,11.208474
1763,771.813472,1.494340,11.208474
1764,772.227979,1.494340,11.208474
1765,772.642487,1.494340,11.208474
1766,773.056995,1.494340,11.208474
1767,773.471503,1.516981,11.378299
1768,773.886010,1.516981,11.378299
1769,774.300518,1.516981,11.378299
1770,774.715026,1.516981,11.378299
1771,775.129534,1.516981,11.378299
1772,775.544041,1.516981,11.378299
1773,775.958549,1.516981,11.378299
1774,776.373057,1.516981,11.378299
1775,776.787565,1.516981,11.378299
1776,777.202073,1.516981,11.378299
1777,777.616580,1.516981,11.378299
1778,778.031088,1.516981,11.378299
1779,778.445596,1.516981,11.378299
1780,778.860104,1.516981,11.378299
1781,779.274611,1.516981,11.378299
1782,779.689119,1.516981,11.378299
1783,780.103627,1.516981,11.378299
1784,780.518135,1.516981,11.378299
1785,780.932642,1.516981,11.378299
1786,781.347150,1.516981,11.378299
1787,781.761658,1.516981,11.378299
1788,782.176166,1.516981,11.378299
1789,782.590674,1.516981,11.378299
1790,783.005181,1.516981,11.378299
1791,783.419689,1.516981,11.378299
1792,783.834197,1.516981,11.378299
1793,784.248705,1.516981,11.378299
1794,784.663212,1.516981,11.378299
1795,785.077720,1.516981,11.378299
1796,785.492228,1.539623,11.548124
1797,785.906736,1.539623,11.548124
1798,786.321244,1.539623,11.548124
1799,786.735751,1.539623,11.548124
1800,787.150259,1.539623,11.548124
1801,787.564767,1.539623,11.548124
1802,787.979275,1.539623,11.548124
1803,788.393782,1.539623,11.548124
1804,788.808290,1.539623,11.548124
1805,789.222798,1.539623,11.548124
1806,789.637306,1.539623,11.548124
1807,790.051813,1.539623,11.548124
1808,790.466321,1.539623,11.548124
1809,790.880829,1.539623,11.548124
1810,791.295337,1.539623,11.548124
1811,791.709845,1.539623,11.548124
1812,792.124352,1.539623,11.548124
1813,792.538860,1.562264,11.717950
1814,792.953368,1.562264,11.717950
1815,793.367876,1.562264,11.717950
1816,793.782383,1.562264,11.717950
1817,794.196891,1.562264,11.717950
1818,794.611399,1.562264,11.717950
1819,795.025907,1.562264,11.717950
1820,795.440415,1.562264,11.717950
1821,795.854922,1.562264,11.717950
1822,796.269430,1.562264,11.717950
1823,796.683938,1.562264,11.717950
1824,797.098446,1.562264,11.717950
1825,797.512953,1.562264,11.717950
1826,797.927461,1.562264,11.717950
1827,798.341969,1.562264,11.717950
1828,798.756477,1.562264,11.717950
1829,799.170984,1.562264,11.717950
1830,799.585492,1.562264,11.717950
1831,800.000000,1.562264,11.717950
1832,800.414508,1.562264,11.717950
1833,800.829016,1.562264,11.717950
1834,801.243523,1.562264,11.717950
1835,801.658031,1.562264,11.717950
1836,802.072539,1.584906,11.887775
1837,802.487047,1.584906,11.887775
1838,802.901554,1.584906,11.887775
1839,803.316062,1.584906,11.887775
1840,803.730570,1.584906,11.887775
1841,804.145078,1.584906,11.887775
1842,804.559585,1.584906,11.887775
1843,804.974093,1.584906,11.887775
1844,805.388601,1.584906,11.887775
1845,805.803109,1.584906,11.887775
1846,806.217617,1.584906,11.887775
1847,806.632124,1.584906,11.887775
1848,807.046632,1.584906,11.887775
1849,807.461140,1.584906,11.887775
1850,807.875648,1.584906,11.887775
1851,808.290155,1.584906,11.887775
1852,808.704663,1.584906,11.887775
1853,809.119171,1.584906,11.887775
1854,809.533679,1.584906,11.887775
1855,809.948187,1.584906,11.887775
1856,810.362694,1.584906,11.887775
1857,810.777202,1.584906,11.887775
1858,811.191710,1.584906,11.887775
1859,811.606218,1.584906,11.887775
1860,812.020725,1.584906,11.887775
1861,812.435233,1.607547,12.057600
1862,812.849741,1.607547,12.057600
1863,813.264249,1.607547,12.057600
1864,813.678756,1.607547,12.057600
1865,814.093264,1.607547,12.057600
1866,814.507772,1.607547,12.057600
1867,814.922280,1.607547,12.057600
1868,815.336788,1.607547,12.057600
1869,815.751295,1.607547,12.057600
1870,816.165803,1.607547,12.057600
1871,816.580311,1.607547,12.057600
1872,816.994819,1.607547,12.057600
1873,817.409326,1.607547,12.057600
1874,817.823834,1.607547,12.057600
1875,818.238342,1.607547,12.057600
1876,818.652850,1.607547,12.057600
1877,819.067358,1.607547,12.057600
1878,819.481865,1.607547,12.057600
1879,819.896373,1.607547,12.057600
1880,820.310881,1.607547,12.057600
1881,820.725389,1.630189,12.227426
1882,821.139896,1.630189,12.227426
1883,821.554404,1.630189,12.227426
1884,821.968912,1.630189,12.227426
1885,822.383420,1.630189,12.227426
1886,822.797927,1.630189,12.227426
1887,823.212435,1.630189,12.227426
1888,823.626943,1.630189,12.227426
1889,824.041451,1.630189,12.227426
1890,824.455959,1.630189,12.227426
1891,824.870466,1.630189,12.227426
1892,825.284974,1.630189,12.227426
1893,825.699482,1.630189,12.227426
1894,826.113990,1.630189,12.227426
1895,826.528497,1.630189,12.227426
1896,826.943005,1.630189,12.227426
1897,827.357513,1.630189,12.227426
1898,827.772021,1.630189,12.227426
1899,828.186528,1.630189,12.227426
1900,828.601036,1.630189,12.227426
1901,829.015544,1.630189,12.227426
1902,829.430052,1.652830,12.397251
1903,829.844560,1.652830,12.397251
1904,830.259067,1.652830,12.397251
1905,830.673575,1.652830,12.397251
1906,831.088083,1.652830,12.397251
1907,831.502591,1.652830,12.397251
1908,831.917098,1.652830,12.397251
1909,832.331606,1.652830,12.397251
1910,832.746114,1.652830,12.397251
1911,833.160622,1.652830,12.397251
1912,833.575130,1.652830,12.397251
1913,833.989637,1.652830,12.397251
1914,834.404145,1.652830,12.397251
1915,834.818653,1.652830,12.397251
1916,835.233161,1.652830,12.397251
1917,835.647668,1.675472,12.567077
1918,836.062176,1.675472,12.567077
1919,836.476684,1.675472,12.567077
1920,836.891192,1.675472,12.567077
1921,837.305699,1.675472,12.567077
1922,837.720207,1.675472,12.567077
1923,838.134715,1.675472,12.567077
1924,838.549223,1.675472,12.567077
1925,838.963731,1.675472,12.567077
1926,839.378238,1.675472,12.567077
1927,839.792746,1.675472,12.567077
1928,840.207254,1.720755,12.906727
1929,840.621762,1.766038,13.246378
1930,841.036269,1.766038,13.246378
1931,841.450777,1.766038,13.246378
1932,841.865285,1.766038,13.246378
1933,842.279793,1.766038,13.246378
1934,842.694301,1.766038,13.246378
1935,843.108808,1.766038,13.246378
1936,843.523316,1.766038,13.246378
1937,843.937824,1.766038,13.246378
1938,844.352332,1.766038,13.246378
1939,844.766839,1.766038,13.246378
1940,845.181347,1.766038,13.246378
1941,845.595855,1.766038,13.246378
1942,846.010363,1.766038,13.246378
1943,846.424870,1.766038,13.246378
1944,846.839378,1.766038,13.246378
1945,847.253886,1.766038,13.246378
1946,847.668394,1.766038,13.246378
1947,848.082902,1.766038,13.246378
1948,848.497409,1.766038,13.246378
1949,848.911917,1.766038,13.246378
1950,849.326425,1.766038,13.246378
1951,849.740933,1.766038,13.246378
1952,850.155440,1.766038,13.246378
1953,850.569948,1.766038,13.246378
1954,850.984456,1.766038,13.246378
1955,851.398964,1.766038,13.246378
1956,851.813472,1.766038,13.246378
1957,852.227979,1.766038,13.246378
1958,852.642487,1.766038,13.246378
1959,853.056995,1.766038,13.246378
1960,853.471503,1.766038,13.246378
1961,853.886010,1.811321,13.586029
1962,854.300518,1.811321,13.586029
1963,854.715026,1.811321,13.586029
1964,855.129534,1.811321,13.586029
1965,855.544041,1.811321,13.586029
1966,855.958549,1.811321,13.586029
1967,856.373057,1.833962,13.755854
1968,856.787565,1.833962,13.755854
1969,857.202073,1.833962,13.755854
1970,857.616580,1.833962,13.755854
1971,858.031088,1.833962,13.755854
1972,858.445596,1.833962,13.755854
1973,858.860104,1.833962,13.755854
1974,859.274611,1.833962,13.755854
1975,859.689119,1.833962,13.755854
1976,860.103627,1.833962,13.755854
1977,860.518135,1.833962,13.755854
1978,860.932642,1.833962,13.755854
1979,861.347150,1.833962,13.755854
1980,861.761658,1.833962,13.755854
1981,862.176166,1.833962,13.755854
1982,862.590674,1.833962,13.755854
1983,863.005181,1.833962,13.755854
1984,863.419689,1.833962,13.755854
1985,863.834197,1.833962,13.755854
1986,864.248705,1.833962,13.755854
1987,864.663212,1.833962,13.755854
1988,865.077720,1.833962,13.755854
1989,865.492228,1.833962,13.755854
1990,865.906736,1.833962,13.755854
1991,866.321244,1.833962,13.755854
1992,866.735751,1.856604,13.925679
1993,867.150259,1.856604,13.925679
1994,867.564767,1.856604,13.925679
1995,867.979275,1.856604,13.925679
1996,868.393782,1.856604,13.925679
1997,868.808290,1.856604,13.925679
1998,869.222798,1.856604,13.925679
1999,869.637306,1.856604,13.925679
2000,870.051813,1.856604,13.925679
2001,870.466321,1.856604,13.925679
2002,870.880829,1.856604,13.925679
2003,871.295337,1.856604,13.925679
2004,871.709845,1.856604,13.925679
2005,872.124352,1.856604,13.925679
2006,872.538860,1.856604,13.925679
2007,872.953368,1.856604,13.925679
2008,873.367876,1.879245,14.095505
2009,873.782383,1.879245,14.095505
2010,874.196891,1.879245,14.095505
2011,874.611399,1.879245,14.095505
2012,875.025907,1.879245,14.095505
2013,875.440415,1.879245,14.095505
2014,875.854922,1.879245,14.095505
2015,876.269430,1.879245,14.095505
2016,876.683938,1.879245,14.095505
2017,877.098446,1.879245,14.095505
2018,877.512953,1.879245,14.095505
2019,877.927461,1.879245,14.095505
2020,878.341969,1.879245,14.095505
2021,878.756477,1.879245,14.095505
2022,879.170984,1.879245,14.095505
2023,879.585492,1.879245,14.095505
2024,880.000000,1.879245,14.095505
2025,880.414508,1.879245,14.095505
2026,880.829016,1.901887,14.265330
2027,881.243523,1.901887,14.265330
2028,881.658031,1.901887,14.265330
2029,882.072539,1.901887,14.265330
2030,882.487047,1.901887,14.265330
2031,882.901554,1.901887,14.265330
2032,883.316062,1.901887,14.265330
2033,883.730570,1.901887,14.265330
2034,884.145078,1.901887,14.265330
2035,884.559585,1.901887,14.265330
2036,884.974093,1.901887,14.265330
2037,885.388601,1.901887,14.265330
2038,885.803109,1.901887,14.265330
2039,886.217617,1.901887,14.265330
2040,886.632124,1.901887,14.265330
2041,887.046632,1.901887,14.265330
2042,887.461140,1.901887,14.265330
2043,887.875648,1.901887,14.265330
2044,888.290155,1.901887,14.265330
2045,888.704663,1.924528,14.435155
2046,889.119171,1.924528,14.435155
2047,889.533679,1.924528,14.435155
2048,889.948187,1.924528,14.435155
2049,890.362694,1.924528,14.435155
2050,890.777202,1.924528,14.435155
2051,891.191710,1.924528,14.435155
2052,891.606218,1.924528,14.435155
2053,892.020725,1.924528,14.435155
2054,892.435233,1.924528,14.435155
2055,892.849741,1.924528,14.435155
2056,893.264249,1.924528,14.435155
2057,893.678756,1.924528,14.435155
2058,894.093264,1.924528,14.435155
2059,894.507772,1.924528,14.435155
2060,894.922280,1.924528,14.435155
2061,895.336788,1.924528,14.435155
2062,895.751295,1.924528,14.435155
2063,896.165803,1.924528,14.435155
2064,896.580311,1.924528,14.435155
2065,896.994819,1.947170,14.604981
2066,897.409326,1.947170,14.604981
2067,897.823834,1.947170,14.604981
2068,898.238342,1.947170,14.604981
2069,898.652850,1.969811,14.774806
