sample_idx,time_sec,fhr_bpm,ua_kpa,ua_mmhg
0,0.000000,94.494845,NaN,NaN
1,1.000000,94.494845,NaN,NaN
2,2.000000,94.494845,NaN,NaN
3,3.000000,94.061856,NaN,NaN
4,4.000000,93.354639,NaN,NaN
5,5.000000,92.744845,NaN,NaN
6,6.000000,92.192784,1.109434,8.321443
7,7.000000,90.967784,1.109434,8.321443
8,8.000000,90.511340,1.109434,8.321443
9,9.000000,90.062113,0.950943,7.132665
10,10.000000,89.118557,0.950943,7.132665
11,11.000000,88.422165,0.950943,7.132665
12,12.000000,88.007216,0.993962,7.455333
13,13.000000,88.000000,1.072358,8.043354
14,14.000000,87.888144,1.126981,8.453057
15,15.000000,86.962629,1.245283,9.340395
16,16.000000,86.845361,1.245283,9.340395
17,17.000000,86.408763,1.245283,9.340395
18,18.000000,86.062371,1.245283,9.340395
19,19.000000,85.979381,0.965094,7.238806
20,20.000000,85.654639,0.900000,6.750558
21,21.000000,84.969072,0.815094,6.113713
22,22.000000,84.969072,0.813396,6.100976
23,23.000000,84.969072,0.615283,4.615004
24,24.000000,84.969072,0.294340,2.207730
25,25.000000,84.969072,0.294340,2.207730
26,26.000000,84.969072,0.277925,2.084606
27,27.000000,84.969072,NaN,NaN
28,28.000000,85.337113,NaN,NaN
29,29.000000,85.546392,NaN,NaN
30,30.000000,85.546392,NaN,NaN
31,31.000000,85.546392,NaN,NaN
32,32.000000,85.546392,NaN,NaN
33,33.000000,85.779124,NaN,NaN
34,34.000000,86.268041,NaN,NaN
35,35.000000,86.268041,NaN,NaN
36,36.000000,86.535052,NaN,NaN
37,37.000000,87.460567,NaN,NaN
38,38.000000,89.638144,NaN,NaN
39,39.000000,90.172165,NaN,NaN
40,40.000000,91.896907,NaN,NaN
41,41.000000,92.448969,NaN,NaN
42,42.000000,93.372680,NaN,NaN
43,43.000000,94.889948,NaN,NaN
44,44.000000,96.804124,NaN,NaN
45,45.000000,97.110825,NaN,NaN
46,46.000000,98.099485,NaN,NaN
47,47.000000,100.179639,NaN,NaN
48,48.000000,101.797938,NaN,NaN
49,49.000000,102.463660,NaN,NaN
50,50.000000,102.956186,NaN,NaN
51,51.000000,104.170361,NaN,NaN
52,52.000000,104.583505,NaN,NaN
53,53.000000,105.175258,NaN,NaN
54,54.000000,105.900515,NaN,NaN
55,55.000000,107.637887,NaN,NaN
56,56.000000,109.216495,NaN,NaN
57,57.000000,109.290464,NaN,NaN
58,58.000000,109.494330,NaN,NaN
59,59.000000,111.285825,NaN,NaN
60,60.000000,112.319588,NaN,NaN
61,61.000000,112.680412,NaN,NaN
62,62.000000,112.680412,NaN,NaN
63,63.000000,113.109794,NaN,NaN
64,64.000000,113.459794,NaN,NaN
65,65.000000,114.673969,NaN,NaN
66,66.000000,115.422680,NaN,NaN
67,67.000000,115.567010,NaN,NaN
68,68.000000,115.574227,NaN,NaN
69,69.000000,116.721649,NaN,NaN
70,70.000000,116.865979,NaN,NaN
71,71.000000,116.907474,0.203774,1.528428
72,72.000000,118.164948,0.346415,2.598328
73,73.000000,120.219845,0.546509,4.099160
74,74.000000,121.848969,0.950943,7.132665
75,75.000000,126.969072,0.950943,7.132665
76,76.000000,128.715464,0.950943,7.132665
77,77.000000,131.154639,0.968208,7.262157
78,78.000000,131.154639,2.019057,15.144176
79,79.000000,131.154639,2.118962,15.893531
80,80.000000,131.154639,2.128302,15.963584
81,81.000000,130.229124,2.128302,15.963584
82,82.000000,128.632474,2.128302,15.963584
83,83.000000,128.055155,2.074528,15.560248
84,84.000000,127.596907,2.874340,21.559329
85,85.000000,126.806701,3.421698,25.664857
86,86.000000,126.391753,3.871698,29.040136
87,87.000000,126.391753,3.871698,29.040136
88,88.000000,126.391753,3.871698,29.040136
89,89.000000,126.391753,3.697075,27.730358
90,90.000000,126.391753,3.602830,27.023460
91,91.000000,126.391753,3.429340,25.722173
92,92.000000,126.391753,3.374717,25.312470
93,93.000000,126.391753,3.373585,25.303978
94,94.000000,126.391753,3.373585,25.303978
95,95.000000,124.497423,3.373585,25.303978
96,96.000000,123.562887,3.373585,25.303978
97,97.000000,121.628866,2.694057,20.207095
98,98.000000,120.564433,2.321887,17.415591
99,99.000000,117.490206,1.837642,13.783451
100,100.000000,115.675258,1.788679,13.416203
101,101.000000,114.513402,1.766038,13.246378
102,102.000000,109.494330,1.290566,9.680045
103,103.000000,109.075773,1.290566,9.680045
104,104.000000,105.334021,1.270189,9.527203
105,105.000000,102.198454,0.769811,5.774062
106,106.000000,101.646392,0.769811,5.774062
107,107.000000,98.083247,0.800943,6.007572
108,108.000000,97.179381,1.031321,7.735545
109,109.000000,95.799227,1.762358,13.218781
110,110.000000,95.162371,1.998113,14.987088
111,111.000000,94.359536,2.332075,17.492012
112,112.000000,93.888660,2.359245,17.695802
113,113.000000,93.452062,2.718396,20.389657
114,114.000000,92.867526,2.815472,21.117783
115,115.000000,91.112113,3.189623,23.924147
116,116.000000,89.515464,3.958868,29.693964
117,117.000000,89.010309,4.251226,31.886834
118,118.000000,89.010309,4.935849,37.021928
119,119.000000,88.526804,4.935849,37.021928
120,120.000000,87.711340,4.935849,37.021928
121,121.000000,87.146649,4.892547,36.697137
122,122.000000,86.989691,4.709434,35.323675
123,123.000000,86.989691,4.709434,35.323675
124,124.000000,86.989691,4.790943,35.935046
125,125.000000,86.989691,5.252830,39.399483
126,126.000000,87.134021,5.252830,39.399483
127,127.000000,87.134021,5.279151,39.596905
128,128.000000,87.134021,4.197736,31.485621
129,129.000000,84.969072,4.035566,30.269247
130,130.000000,80.711340,3.766981,28.254694
131,131.000000,67.633247,3.758491,28.191010
132,132.000000,67.151546,3.758491,28.191010
133,133.000000,63.094072,3.758491,28.191010
134,134.000000,94.494845,4.081698,30.615267
135,135.000000,94.494845,4.151887,31.141725
136,136.000000,93.773196,4.188679,31.417691
137,137.000000,93.773196,4.188679,31.417691
138,138.000000,93.773196,4.188679,31.417691
139,139.000000,93.773196,4.181038,31.360375
140,140.000000,93.773196,3.418868,25.643629
141,141.000000,93.773196,3.166132,23.747954
142,142.000000,97.670103,2.348491,17.615135
143,143.000000,97.670103,1.924811,14.437278
144,144.000000,98.045361,0.851321,6.385433
145,145.000000,101.224227,0.796698,5.975730
146,146.000000,103.187113,0.135849,1.018952
147,147.000000,105.844588,0.135849,1.018952
148,148.000000,106.329897,0.134717,1.010461
149,149.000000,110.484794,0.113208,0.849127
150,150.000000,112.229381,0.113208,0.849127
151,151.000000,113.299227,0.113208,0.849127
152,152.000000,113.748454,0.113208,0.849127
153,153.000000,113.979381,0.113208,0.849127
154,154.000000,114.055155,0.113208,0.849127
155,155.000000,117.109536,0.113208,0.849127
156,156.000000,117.789691,0.224151,1.681271
157,157.000000,118.529381,0.452830,3.396507
158,158.000000,119.489175,0.452830,3.396507
159,159.000000,121.569330,0.452830,3.396507
160,160.000000,122.061856,0.452830,3.396507
161,161.000000,123.912887,0.494151,3.706438
162,162.000000,124.226804,0.939623,7.047752
163,163.000000,124.261082,1.186698,8.900972
164,164.000000,124.464948,1.690189,12.677463
165,165.000000,126.057990,1.698113,12.736902
166,166.000000,127.546392,1.698113,12.736902
167,167.000000,127.546392,1.698113,12.736902
168,168.000000,127.546392,1.698113,12.736902
169,169.000000,127.113402,1.698113,12.736902
170,170.000000,127.095361,1.712264,12.843043
171,171.000000,126.969072,1.833962,13.755854
172,172.000000,126.969072,1.833962,13.755854
173,173.000000,126.969072,1.833962,13.755854
174,174.000000,126.969072,1.833962,13.755854
175,175.000000,126.969072,1.833962,13.755854
176,176.000000,126.969072,2.132830,15.997549
177,177.000000,126.969072,2.332075,17.492012
178,178.000000,126.969072,2.332075,17.492012
179,179.000000,126.969072,2.245189,16.840307
180,180.000000,126.969072,2.241509,16.812710
181,181.000000,126.969072,2.241509,16.812710
182,182.000000,126.958247,2.241509,16.812710
183,183.000000,125.240722,2.241509,16.812710
184,184.000000,125.092784,2.241509,16.812710
185,185.000000,125.092784,2.603774,19.529916
186,186.000000,124.739175,2.603774,19.529916
187,187.000000,124.107732,2.600660,19.506565
188,188.000000,123.137113,1.876981,14.078522
189,189.000000,123.072165,1.812170,13.592397
190,190.000000,123.018041,0.837736,6.283538
191,191.000000,122.411856,0.837736,6.283538
192,192.000000,121.426804,0.837736,6.283538
193,193.000000,120.874742,0.837736,6.283538
194,194.000000,119.175258,0.835472,6.266556
195,195.000000,119.175258,0.410377,3.078085
196,196.000000,119.175258,0.343019,2.572854
197,197.000000,119.175258,0.282453,2.118571
198,198.000000,119.175258,0.362830,2.721451
199,199.000000,119.175258,0.526698,3.950562
200,200.000000,119.103093,0.690566,5.179673
201,201.000000,118.109021,0.854434,6.408784
202,202.000000,117.154639,0.928302,6.962840
203,203.000000,117.154639,0.928302,6.962840
204,204.000000,116.822680,0.999623,7.497790
205,205.000000,116.270619,1.474528,11.059876
206,206.000000,114.571134,2.407925,18.060927
207,207.000000,114.268041,2.422642,18.171313
208,208.000000,114.268041,2.422642,18.171313
209,209.000000,114.268041,2.422642,18.171313
210,210.000000,114.268041,2.422642,18.171313
211,211.000000,114.268041,2.422642,18.171313
212,212.000000,114.268041,1.871321,14.036066
213,213.000000,114.268041,1.562264,11.717950
214,214.000000,115.422680,1.539623,11.548124
215,215.000000,115.422680,1.539623,11.548124
216,216.000000,115.422680,1.539623,11.548124
217,217.000000,115.422680,0.618962,4.642601
218,218.000000,115.422680,0.452830,3.396507
219,219.000000,115.422680,0.271698,2.037904
220,220.000000,115.206186,0.249057,1.868079
221,221.000000,116.768557,0.226415,1.698254
222,222.000000,117.876289,0.203774,1.528428
223,223.000000,118.018814,0.181415,1.360726
224,224.000000,119.204124,0.158491,1.188778
225,225.000000,120.880155,0.140094,1.050794
226,226.000000,122.783505,0.113208,0.849127
227,227.000000,122.783505,0.098774,0.740863
228,228.000000,123.259794,0.067925,0.509476
229,229.000000,124.082474,0.057453,0.430932
230,230.000000,124.226804,0.045283,0.339651
231,231.000000,124.701289,0.016132,0.121001
232,232.000000,125.049485,0.000000,0.000000
233,233.000000,126.263660,0.000000,0.000000
234,234.000000,126.831959,0.000000,0.000000
235,235.000000,127.925258,0.000000,0.000000
236,236.000000,128.123711,0.000000,0.000000
237,237.000000,128.123711,0.000000,0.000000
238,238.000000,128.123711,0.000000,0.000000
239,239.000000,128.123711,0.000000,0.000000
240,240.000000,130.288660,0.000000,0.000000
241,241.000000,130.288660,0.000000,0.000000
242,242.000000,130.288660,0.000000,0.000000
243,243.000000,130.288660,0.226415,1.698254
244,244.000000,130.288660,0.226415,1.698254
245,245.000000,130.288660,0.250472,1.878693
246,246.000000,130.357216,0.294340,2.207730
247,247.000000,130.994072,0.294340,2.207730
248,248.000000,131.154639,0.294340,2.207730
249,249.000000,131.915979,0.294340,2.207730
250,250.000000,132.453608,0.294340,2.207730
251,251.000000,132.453608,0.294340,2.207730
252,252.000000,132.453608,0.294340,2.207730
253,253.000000,132.453608,0.302547,2.269291
254,254.000000,132.453608,0.316981,2.377555
255,255.000000,132.399485,0.316981,2.377555
256,256.000000,131.876289,0.330566,2.479450
257,257.000000,131.731959,0.411792,3.088699
258,258.000000,131.731959,0.779434,5.846238
259,259.000000,131.731959,0.875660,6.567996
260,260.000000,131.731959,1.505660,11.293386
261,261.000000,131.731959,1.969811,14.774806
262,262.000000,131.710309,2.608868,19.568127
263,263.000000,131.154639,3.282453,24.620431
264,264.000000,131.154639,3.778868,28.343852
265,265.000000,131.154639,4.822642,36.172801
266,266.000000,131.050000,4.993019,37.450737
267,267.000000,130.523196,5.094340,38.210706
268,268.000000,129.054639,5.094340,38.210706
269,269.000000,127.872938,5.183208,38.877270
270,270.000000,127.835052,5.238679,39.293342
271,271.000000,127.835052,5.519717,41.401300
272,272.000000,128.412371,5.642264,42.320479
273,273.000000,128.412371,5.660377,42.456340
274,274.000000,128.383505,5.660377,42.456340
275,275.000000,123.153351,5.784906,43.390379
276,276.000000,123.072165,5.906038,44.298945
277,277.000000,123.072165,5.909434,44.324419
278,278.000000,123.072165,5.909434,44.324419
279,279.000000,123.072165,6.051792,45.392196
280,280.000000,123.072165,7.098113,53.240250
281,281.000000,123.072165,9.079245,68.099969
282,282.000000,123.072165,9.079245,68.099969
283,283.000000,123.072165,9.079245,68.099969
284,284.000000,123.072165,10.033585,75.258108
285,285.000000,121.791237,11.310849,84.838381
286,286.000000,119.030928,11.939434,89.553157
287,287.000000,119.175258,11.954717,89.667789
288,288.000000,119.175258,11.977358,89.837615
289,289.000000,119.319588,11.977358,89.837615
290,290.000000,119.409794,11.977358,89.837615
291,291.000000,119.463918,11.977358,89.837615
292,292.000000,119.463918,11.977358,89.837615
293,293.000000,119.463918,11.977358,89.837615
294,294.000000,119.463918,11.977358,89.837615
295,295.000000,119.463918,11.992925,89.954370
296,296.000000,119.463918,12.000000,90.007440
297,297.000000,119.463918,12.000000,90.007440
298,298.000000,119.463918,12.000000,90.007440
299,299.000000,119.463918,12.000000,90.007440
300,300.000000,116.757732,12.000000,90.007440
301,301.000000,107.558505,12.000000,90.007440
302,302.000000,106.409278,12.000000,90.007440
303,303.000000,103.154639,12.000000,90.007440
304,304.000000,103.154639,12.000000,90.007440
305,305.000000,103.154639,12.000000,90.007440
306,306.000000,103.154639,12.022642,90.177265
307,307.000000,104.074742,12.022642,90.177265
308,308.000000,105.355670,12.022642,90.177265
309,309.000000,115.085309,12.022642,90.177265
310,310.000000,118.886598,12.022642,90.177265
311,311.000000,118.886598,12.022642,90.177265
312,312.000000,118.886598,12.022642,90.177265
313,313.000000,118.902835,12.022642,90.177265
314,314.000000,119.932990,12.022642,90.177265
315,315.000000,120.898196,12.022642,90.177265
316,316.000000,120.907216,12.022642,90.177265
317,317.000000,120.907216,12.022642,90.177265
318,318.000000,121.203093,11.110755,83.337549
319,319.000000,121.917526,10.831981,81.246574
320,320.000000,121.917526,9.871698,74.043856
321,321.000000,121.917526,9.849057,73.874031
322,322.000000,121.917526,9.322075,69.921346
323,323.000000,121.917526,9.192453,68.949096
324,324.000000,123.137113,9.177736,68.838709
325,325.000000,123.965206,8.715566,65.372149
326,326.000000,125.092784,8.683585,65.132271
327,327.000000,125.092784,7.782453,58.373221
328,328.000000,125.136082,6.475472,48.570053
329,329.000000,125.237113,6.452830,48.400227
330,330.000000,125.255155,6.447170,48.357771
331,331.000000,126.767010,6.000000,45.003720
332,332.000000,127.835052,6.000000,45.003720
333,333.000000,128.031701,6.000000,45.003720
334,334.000000,128.845361,6.017547,45.135335
335,335.000000,128.845361,6.200943,46.510920
336,336.000000,128.845361,6.692830,50.200376
337,337.000000,128.845361,6.973868,52.308333
338,338.000000,129.173711,7.313208,54.853591
339,339.000000,129.953093,7.313208,54.853591
340,340.000000,130.000000,7.313208,54.853591
341,341.000000,130.000000,6.900566,51.758524
342,342.000000,129.422680,6.701887,50.268306
343,343.000000,129.422680,6.701887,50.268306
344,344.000000,129.422680,6.783396,50.879677
345,345.000000,129.422680,6.815094,51.117433
346,346.000000,129.108763,6.815094,51.117433
347,347.000000,128.497165,6.815094,51.117433
348,348.000000,128.123711,6.815094,51.117433
349,349.000000,128.123711,6.815094,51.117433
350,350.000000,128.123711,6.815094,51.117433
351,351.000000,128.123711,6.815094,51.117433
352,352.000000,128.123711,6.815094,51.117433
353,353.000000,125.560052,6.815094,51.117433
354,354.000000,121.628866,6.997358,52.484527
355,355.000000,121.628866,7.436321,55.777016
356,356.000000,121.628866,7.867925,59.014312
357,357.000000,121.628866,7.901887,59.269050
358,358.000000,118.367010,7.901887,59.269050
359,359.000000,116.564691,8.015094,60.118177
360,360.000000,112.896907,8.015094,60.118177
361,361.000000,102.930928,8.035755,60.273143
362,362.000000,95.566495,8.324151,62.436293
363,363.000000,94.494845,9.073302,68.055390
364,364.000000,94.473196,10.810189,81.083117
365,365.000000,94.819588,12.036792,90.283406
366,366.000000,96.082474,12.135849,91.026392
367,367.000000,96.082474,12.158491,91.196218
368,368.000000,96.082474,12.158491,91.196218
369,369.000000,93.773196,12.158491,91.196218
370,370.000000,93.538660,12.158491,91.196218
371,371.000000,93.195876,12.132453,91.000918
372,372.000000,93.195876,11.891321,89.192278
373,373.000000,93.195876,11.672830,87.553464
374,374.000000,93.235567,11.660377,87.460060
375,375.000000,94.323454,11.660377,87.460060
376,376.000000,96.760825,11.660377,87.460060
377,377.000000,99.198196,11.864717,88.992733
378,378.000000,101.769072,12.141509,91.068848
379,379.000000,104.217268,12.158491,91.196218
380,380.000000,106.654639,12.158491,91.196218
381,381.000000,107.917526,12.158491,91.196218
382,382.000000,107.917526,12.048113,90.368319
383,383.000000,116.046907,11.977358,89.837615
384,384.000000,116.144330,11.977358,89.837615
385,385.000000,116.144330,11.977358,89.837615
386,386.000000,116.144330,11.941698,89.570140
387,387.000000,116.144330,11.510094,86.332844
388,388.000000,116.454639,11.424906,85.693876
389,389.000000,122.350515,11.219717,84.154834
390,390.000000,122.350515,11.105660,83.299338
391,391.000000,122.350515,10.932170,81.998052
392,392.000000,122.350515,10.580377,79.359390
393,393.000000,122.350515,10.477358,78.586685
394,394.000000,122.206186,9.769245,73.275397
395,395.000000,122.206186,9.714623,72.865693
396,396.000000,122.206186,9.592075,71.946513
397,397.000000,122.206186,9.577358,71.836127
398,398.000000,122.256701,9.577358,71.836127
399,399.000000,125.525773,9.577358,71.836127
400,400.000000,125.525773,9.577358,71.836127
401,401.000000,125.525773,9.577358,71.836127
402,402.000000,125.525773,9.577358,71.836127
403,403.000000,125.560052,9.577358,71.836127
404,404.000000,126.002062,9.577358,71.836127
405,405.000000,126.256443,9.482547,71.124983
406,406.000000,126.391753,8.989811,67.429159
407,407.000000,127.432732,8.925849,66.949402
408,408.000000,127.690722,7.569057,56.772617
409,409.000000,127.690722,7.245283,54.344115
410,410.000000,127.690722,7.035849,52.773230
411,411.000000,127.180155,5.563868,41.732459
412,412.000000,126.969072,4.176226,31.324287
413,413.000000,126.969072,3.968774,29.768263
414,414.000000,126.969072,3.073019,23.049547
415,415.000000,127.095361,2.912264,21.843787
416,416.000000,128.268041,2.839245,21.296100
417,417.000000,128.268041,2.780094,20.852431
418,418.000000,128.268041,2.032075,15.241826
419,419.000000,129.235052,1.537925,11.535387
420,420.000000,129.711340,1.398113,10.486716
421,421.000000,129.711340,1.381132,10.359347
422,422.000000,129.711340,1.381132,10.359347
423,423.000000,129.711340,1.381132,10.359347
424,424.000000,129.711340,1.467170,11.004683
425,425.000000,129.756443,1.992453,14.944632
426,426.000000,130.064948,1.992453,14.944632
427,427.000000,130.144330,1.992453,14.944632
428,428.000000,130.144330,1.947170,14.604981
429,429.000000,130.144330,1.947170,14.604981
430,430.000000,130.144330,1.938679,14.541296
431,431.000000,130.144330,1.227736,9.208780
432,432.000000,130.577320,0.810566,6.079748
433,433.000000,130.577320,0.552170,4.141616
434,434.000000,130.736082,0.543396,4.075809
435,435.000000,132.309278,0.543396,4.075809
436,436.000000,132.309278,0.543396,4.075809
437,437.000000,132.309278,1.132075,8.491268
438,438.000000,132.309278,1.132075,8.491268
439,439.000000,132.309278,1.134057,8.506128
440,440.000000,132.309278,1.494340,11.208474
441,441.000000,132.309278,1.494340,11.208474
442,442.000000,132.309278,1.494340,11.208474
443,443.000000,132.309278,1.494340,11.208474
444,444.000000,131.811340,1.494340,11.208474
445,445.000000,131.443299,1.494340,11.208474
446,446.000000,131.443299,1.494340,11.208474
447,447.000000,131.443299,1.494340,11.208474
448,448.000000,132.713402,1.494340,11.208474
449,449.000000,132.742268,1.494340,11.208474
450,450.000000,132.742268,1.027358,7.705826
451,451.000000,132.720619,1.018868,7.642141
452,452.000000,131.378351,1.018868,7.642141
453,453.000000,131.298969,1.018868,7.642141
454,454.000000,131.298969,1.018868,7.642141
455,455.000000,131.199742,1.018868,7.642141
456,456.000000,129.942268,1.562264,11.717950
457,457.000000,122.240464,1.562264,11.717950
458,458.000000,114.928351,1.583208,11.875038
459,459.000000,107.471907,1.818962,13.643345
460,460.000000,100.159794,2.196226,16.473060
461,461.000000,92.847680,2.196226,16.473060
462,462.000000,90.309278,2.196226,16.473060
463,463.000000,90.309278,2.196226,16.473060
464,464.000000,90.655670,2.558491,19.190266
465,465.000000,99.239691,5.847170,43.857399
466,466.000000,100.903093,9.888113,74.166980
467,467.000000,103.587629,10.958491,82.195474
468,468.000000,103.587629,10.958491,82.195474
469,469.000000,103.587629,10.948019,82.116929
470,470.000000,108.134021,10.913208,81.855823
471,471.000000,108.783505,10.913208,81.855823
472,472.000000,108.783505,10.913208,81.855823
473,473.000000,108.783505,10.981132,82.365299
474,474.000000,108.783505,10.981132,82.365299
475,475.000000,108.783505,10.981132,82.365299
476,476.000000,108.783505,10.981132,82.365299
477,477.000000,108.783505,10.941226,82.065982
478,478.000000,108.253093,10.633585,79.758480
479,479.000000,101.253093,10.546981,79.108898
480,480.000000,100.845361,10.347170,77.610189
481,481.000000,100.352835,10.292547,77.200485
482,482.000000,100.268041,10.237925,76.790781
483,483.000000,99.546392,9.642453,72.324375
484,484.000000,99.546392,9.087170,68.159408
485,485.000000,99.546392,9.079245,68.099969
486,486.000000,99.546392,9.079245,68.099969
487,487.000000,99.290206,9.079245,68.099969
488,488.000000,102.707216,9.079245,68.099969
489,489.000000,144.846134,9.176038,68.825972
490,490.000000,144.577320,9.263208,69.479800
491,491.000000,144.577320,9.340472,70.059329
492,492.000000,144.577320,9.598868,71.997461
493,493.000000,144.629639,9.600000,72.005952
494,494.000000,144.977835,9.600000,72.005952
495,495.000000,148.212629,9.408962,70.573051
496,496.000000,150.235052,8.698868,65.246903
497,497.000000,152.084278,7.988774,59.920755
498,498.000000,152.371134,7.278679,54.594607
499,499.000000,152.371134,6.568585,49.268459
500,500.000000,152.371134,5.858491,43.942312
501,501.000000,152.755412,5.148396,38.616164
502,502.000000,153.157732,4.415660,33.120191
503,503.000000,153.958763,3.705566,27.794043
504,504.000000,153.958763,2.995472,22.467895
505,505.000000,153.625000,2.285377,17.141747
506,506.000000,153.525773,1.575283,11.815599
507,507.000000,153.525773,0.865189,6.489452
508,508.000000,154.795876,0.155094,1.163304
509,509.000000,155.835052,0.022642,0.169825
510,510.000000,155.835052,0.031132,0.233510
511,511.000000,155.835052,0.121415,0.910688
512,512.000000,156.008247,0.185660,1.392568
513,513.000000,156.701031,0.262925,1.972097
514,514.000000,156.701031,0.294340,2.207730
515,515.000000,156.701031,0.294340,2.207730
516,516.000000,156.701031,0.294340,2.207730
517,517.000000,156.701031,0.294340,2.207730
518,518.000000,156.701031,0.294340,2.207730
519,519.000000,156.701031,0.294340,2.207730
520,520.000000,156.701031,0.294340,2.207730
521,521.000000,156.701031,0.294340,2.207730
522,522.000000,156.701031,0.316981,2.377555
523,523.000000,156.807474,0.316981,2.377555
524,524.000000,156.845361,0.316981,2.377555
525,525.000000,156.845361,0.316981,2.377555
526,526.000000,155.156701,0.316981,2.377555
527,527.000000,154.969072,0.316981,2.377555
528,528.000000,154.969072,0.316981,2.377555
529,529.000000,154.041753,0.321792,2.413643
530,530.000000,153.579897,0.339623,2.547380
531,531.000000,149.917526,0.339623,2.547380
532,532.000000,149.917526,0.339623,2.547380
533,533.000000,149.917526,0.339623,2.547380
534,534.000000,149.917526,0.339623,2.547380
535,535.000000,146.561856,0.339623,2.547380
536,536.000000,145.876289,0.339623,2.547380
537,537.000000,145.802320,0.351226,2.634416
538,538.000000,145.464948,0.362264,2.717206
539,539.000000,137.981443,0.362264,2.717206
540,540.000000,NaN,0.362264,2.717206
541,541.000000,NaN,0.362264,2.717206
542,542.000000,137.126117,0.362264,2.717206
543,543.000000,137.092955,0.362264,2.717206
544,544.000000,137.059794,0.362264,2.717206
545,545.000000,137.026632,0.362264,2.717206
546,546.000000,136.993471,0.362264,2.717206
547,547.000000,136.960309,0.362264,2.717206
548,548.000000,136.927148,0.362264,2.717206
549,549.000000,136.893986,0.362264,2.717206
550,550.000000,136.860825,0.384906,2.887031
551,551.000000,136.827663,0.384906,2.887031
552,552.000000,136.794502,0.384906,2.887031
553,553.000000,136.761340,0.384906,2.887031
554,554.000000,136.728179,0.384906,2.887031
555,555.000000,NaN,0.384906,2.887031
556,556.000000,NaN,0.384906,2.887031
557,557.000000,136.639175,0.384906,2.887031
558,558.000000,136.639175,0.407547,3.056856
559,559.000000,136.639175,0.407547,3.056856
560,560.000000,138.659794,0.407547,3.056856
561,561.000000,138.804124,0.407547,3.056856
562,562.000000,138.804124,0.407547,3.056856
563,563.000000,138.838402,0.407547,3.056856
564,564.000000,140.824742,0.407547,3.056856
565,565.000000,140.833763,0.407547,3.056856
566,566.000000,140.969072,0.418302,3.137523
567,567.000000,140.969072,0.430189,3.226682
568,568.000000,140.969072,0.430189,3.226682
569,569.000000,139.015206,0.430189,3.226682
570,570.000000,149.953608,0.430189,3.226682
571,571.000000,162.329897,0.430189,3.226682
572,572.000000,162.329897,0.430189,3.226682
573,573.000000,162.329897,0.430189,3.226682
574,574.000000,162.329897,0.430189,3.226682
575,575.000000,162.329897,0.434434,3.258524
576,576.000000,162.329897,0.452830,3.396507
577,577.000000,157.637787,0.452830,3.396507
578,578.000000,152.013085,0.452830,3.396507
579,579.000000,146.388382,0.452830,3.396507
580,580.000000,140.763680,0.452830,3.396507
581,581.000000,135.138977,0.452830,3.396507
582,582.000000,129.514274,0.452830,3.396507
583,583.000000,123.889572,0.452830,3.396507
584,584.000000,118.264869,0.452830,3.396507
585,585.000000,112.640167,0.452830,3.396507
586,586.000000,107.015464,0.452830,3.396507
587,587.000000,100.084021,0.475472,3.566333
588,588.000000,78.185567,0.475472,3.566333
589,589.000000,78.185567,0.475472,3.566333
590,590.000000,72.917526,0.475472,3.566333
591,591.000000,72.298711,0.475472,3.566333
592,592.000000,67.909278,0.475472,3.566333
593,593.000000,65.684794,0.475472,3.566333
594,594.000000,65.141753,0.498113,3.736158
595,595.000000,102.306701,0.498113,3.736158
596,596.000000,116.873196,0.498113,3.736158
597,597.000000,116.175000,0.498113,3.736158
598,598.000000,115.855670,0.498113,3.736158
599,599.000000,115.855670,0.498113,3.736158
600,600.000000,115.639175,0.498113,3.736158
601,601.000000,111.545619,0.498113,3.736158
602,602.000000,111.381443,0.498113,3.736158
603,603.000000,111.381443,0.498113,3.736158
604,604.000000,111.381443,0.520755,3.905983
605,605.000000,111.462629,0.520755,3.905983
606,606.000000,114.062371,0.520755,3.905983
607,607.000000,117.576804,0.520755,3.905983
608,608.000000,123.216495,0.520755,3.905983
609,609.000000,124.082474,0.520755,3.905983
610,610.000000,124.082474,0.520755,3.905983
611,611.000000,124.082474,0.520755,3.905983
612,612.000000,123.562887,0.530943,3.982405
613,613.000000,122.803351,0.543396,4.075809
614,614.000000,122.559794,0.543396,4.075809
615,615.000000,115.720361,0.543396,4.075809
616,616.000000,113.257732,0.543396,4.075809
617,617.000000,113.257732,0.543396,4.075809
618,618.000000,113.257732,0.543396,4.075809
619,619.000000,114.268041,0.543396,4.075809
620,620.000000,114.268041,0.543396,4.075809
621,621.000000,114.459278,0.543396,4.075809
622,622.000000,147.662371,0.556415,4.173458
623,623.000000,154.561340,0.566038,4.245634
624,624.000000,147.550515,0.566038,4.245634
625,625.000000,140.500000,0.566038,4.245634
626,626.000000,133.391753,0.566038,4.245634
627,627.000000,126.427835,0.566038,4.245634
628,628.000000,119.319588,0.566038,4.245634
629,629.000000,113.690722,0.566038,4.245634
630,630.000000,113.690722,0.588679,4.415459
631,631.000000,113.690722,0.701887,5.264586
632,632.000000,113.690722,0.701887,5.264586
633,633.000000,113.690722,0.749717,5.623342
634,634.000000,113.690722,0.792453,5.943888
635,635.000000,108.567010,0.792453,5.943888
636,636.000000,100.361856,0.792453,5.943888
637,637.000000,100.268041,0.792453,5.943888
638,638.000000,124.804124,0.792453,5.943888
639,639.000000,124.804124,0.815094,6.113713
640,640.000000,123.216495,0.815094,6.113713
641,641.000000,123.072165,0.815094,6.113713
642,642.000000,119.171649,0.815094,6.113713
643,643.000000,114.378093,0.815094,6.113713
644,644.000000,112.059794,0.815094,6.113713
645,645.000000,110.515464,0.815094,6.113713
646,646.000000,110.515464,0.815094,6.113713
647,647.000000,110.515464,0.815094,6.113713
648,648.000000,115.711340,0.815094,6.113713
649,649.000000,115.711340,0.815094,6.113713
650,650.000000,115.711340,0.815094,6.113713
651,651.000000,115.711340,0.815094,6.113713
652,652.000000,124.089691,0.815094,6.113713
653,653.000000,132.873969,0.815094,6.113713
654,654.000000,132.453608,0.815094,6.113713
655,655.000000,132.453608,0.815094,6.113713
656,656.000000,132.453608,0.815094,6.113713
657,657.000000,132.298454,0.815094,6.113713
658,658.000000,131.298969,0.815094,6.113713
659,659.000000,131.298969,0.815094,6.113713
660,660.000000,130.938144,0.815094,6.113713
661,661.000000,130.577320,0.815094,6.113713
662,662.000000,130.566495,0.815094,6.113713
663,663.000000,129.792526,0.815094,6.113713
664,664.000000,129.422680,0.815094,6.113713
665,665.000000,129.422680,0.815094,6.113713
666,666.000000,129.422680,0.815094,6.113713
667,667.000000,129.422680,0.815094,6.113713
668,668.000000,129.422680,0.815094,6.113713
669,669.000000,129.422680,0.815094,6.113713
670,670.000000,129.422680,0.815094,6.113713
671,671.000000,129.422680,0.815094,6.113713
672,672.000000,130.865979,0.815094,6.113713
673,673.000000,130.865979,0.815094,6.113713
674,674.000000,130.865979,0.815094,6.113713
675,675.000000,130.865979,0.815094,6.113713
676,676.000000,130.865979,0.815094,6.113713
677,677.000000,134.945103,2.406792,18.052436
678,678.000000,136.065464,12.815094,96.121153
679,679.000000,140.272680,12.815094,96.121153
680,680.000000,142.845361,12.815094,96.121153
681,681.000000,142.977062,12.815094,96.121153
682,682.000000,143.134021,12.807736,96.065960
683,683.000000,143.134021,12.078396,90.595460
684,684.000000,143.134021,11.379623,85.354225
685,685.000000,143.134021,10.528302,78.968792
686,686.000000,143.134021,9.699057,72.748938
687,687.000000,143.134021,8.848302,66.367750
688,688.000000,143.134021,8.015094,60.118177
689,689.000000,143.226031,7.168302,53.766708
690,690.000000,137.613402,6.543396,49.079529
691,691.000000,131.051804,6.543396,49.079529
692,692.000000,124.291753,6.267170,47.007659
693,693.000000,117.676031,5.510377,41.331247
694,694.000000,114.556701,4.511321,33.837703
695,695.000000,114.556701,4.301887,32.266818
696,696.000000,114.556701,4.118491,30.891233
697,697.000000,114.556701,3.120566,23.406180
698,698.000000,114.556701,2.899811,21.750383
699,699.000000,111.803608,2.837547,21.283363
700,700.000000,109.938144,2.269811,17.024992
701,701.000000,109.938144,2.207830,16.560095
702,702.000000,109.938144,1.898491,14.239856
703,703.000000,119.175258,1.744528,13.085044
704,704.000000,119.319588,1.698113,12.736902
705,705.000000,119.319588,1.657075,12.429093
706,706.000000,119.319588,1.652830,12.397251
707,707.000000,119.319588,1.652830,12.397251
708,708.000000,119.319588,1.652830,12.397251
709,709.000000,119.319588,1.642358,12.318707
710,710.000000,119.951031,1.587736,11.909003
711,711.000000,120.041237,1.539623,11.548124
712,712.000000,120.041237,1.539623,11.548124
713,713.000000,119.896907,1.539623,11.548124
714,714.000000,119.752577,1.539623,11.548124
715,715.000000,119.752577,1.539623,11.548124
716,716.000000,119.608247,1.539623,11.548124
717,717.000000,119.608247,1.539623,11.548124
718,718.000000,119.582990,1.539623,11.548124
719,719.000000,119.463918,1.539623,11.548124
720,720.000000,119.463918,1.539623,11.548124
721,721.000000,119.463918,1.539623,11.548124
722,722.000000,119.463918,1.539623,11.548124
723,723.000000,121.352835,1.539623,11.548124
724,724.000000,122.783505,1.539623,11.548124
725,725.000000,122.792526,1.539623,11.548124
726,726.000000,124.381959,1.539623,11.548124
727,727.000000,130.994072,1.539623,11.548124
728,728.000000,131.486598,1.539623,11.548124
729,729.000000,132.803608,1.539623,11.548124
730,730.000000,133.337629,1.539623,11.548124
731,731.000000,133.463918,1.539623,11.548124
732,732.000000,133.463918,1.539623,11.548124
733,733.000000,133.463918,1.539623,11.548124
734,734.000000,133.463918,1.539623,11.548124
735,735.000000,133.463918,1.539623,11.548124
736,736.000000,133.463918,1.539623,11.548124
737,737.000000,133.463918,1.539623,11.548124
738,738.000000,133.463918,1.539623,11.548124
739,739.000000,133.463918,1.539623,11.548124
740,740.000000,131.587629,1.539623,11.548124
741,741.000000,131.587629,1.539623,11.548124
742,742.000000,131.587629,1.539623,11.548124
743,743.000000,131.587629,1.539623,11.548124
744,744.000000,131.587629,1.539623,11.548124
745,745.000000,131.587629,1.539623,11.548124
746,746.000000,131.587629,1.539623,11.548124
747,747.000000,131.587629,1.539623,11.548124
748,748.000000,131.587629,1.539623,11.548124
749,749.000000,131.443299,1.539623,11.548124
750,750.000000,130.378866,1.539623,11.548124
751,751.000000,129.917010,1.539623,11.548124
752,752.000000,129.855670,1.539623,11.548124
753,753.000000,129.855670,1.539623,11.548124
754,754.000000,129.884536,1.539623,11.548124
755,755.000000,131.010309,1.539623,11.548124
756,756.000000,131.277320,1.539623,11.548124
757,757.000000,NaN,1.539623,11.548124
758,758.000000,NaN,1.539623,11.548124
759,759.000000,NaN,1.539623,11.548124
760,760.000000,NaN,1.539623,11.548124
761,761.000000,NaN,1.539623,11.548124
762,762.000000,NaN,1.546981,11.603318
763,763.000000,NaN,1.562264,11.717950
764,764.000000,125.444726,1.562264,11.717950
765,765.000000,123.784100,1.562264,11.717950
766,766.000000,122.123473,1.562264,11.717950
767,767.000000,120.462847,1.562264,11.717950
768,768.000000,118.802220,1.562264,11.717950
769,769.000000,117.141594,1.584906,11.887775
770,770.000000,115.480967,1.584906,11.887775
771,771.000000,113.820341,1.584906,11.887775
772,772.000000,NaN,1.584906,11.887775
773,773.000000,NaN,1.584906,11.887775
774,774.000000,NaN,1.584906,11.887775
775,775.000000,NaN,1.584906,11.887775
776,776.000000,NaN,1.584906,11.887775
777,777.000000,NaN,1.584906,11.887775
778,778.000000,NaN,1.584906,11.887775
779,779.000000,102.144330,1.607547,12.057600
780,780.000000,102.144330,1.607547,12.057600
781,781.000000,100.111082,1.607547,12.057600
782,782.000000,93.452062,1.607547,12.057600
783,783.000000,86.890464,1.607547,12.057600
784,784.000000,85.979381,1.607547,12.057600
785,785.000000,85.979381,1.607547,12.057600
786,786.000000,85.979381,1.607547,12.057600
787,787.000000,85.979381,1.607547,12.057600
788,788.000000,85.979381,1.630189,12.227426
789,789.000000,87.981959,1.630189,12.227426
790,790.000000,90.309278,1.630189,12.227426
791,791.000000,97.383247,1.630189,12.227426
792,792.000000,138.659794,1.630189,12.227426
793,793.000000,139.253351,1.630189,12.227426
794,794.000000,139.745876,1.630189,12.227426
795,795.000000,139.814433,1.651415,12.386637
796,796.000000,139.814433,1.652830,12.397251
797,797.000000,139.814433,1.652830,12.397251
798,798.000000,139.612371,1.652830,12.397251
799,799.000000,141.402062,1.652830,12.397251
800,800.000000,141.546392,1.652830,12.397251
801,801.000000,145.876289,1.652830,12.397251
802,802.000000,145.876289,1.652830,12.397251
803,803.000000,142.921134,1.675472,12.567077
804,804.000000,142.369072,1.675472,12.567077
805,805.000000,137.144330,1.675472,12.567077
806,806.000000,136.061856,1.675472,12.567077
807,807.000000,136.061856,1.675472,12.567077
808,808.000000,135.744330,1.675472,12.567077
809,809.000000,135.051546,1.675472,12.567077
810,810.000000,135.051546,1.675472,12.567077
811,811.000000,135.051546,1.675472,12.567077
812,812.000000,135.051546,1.696981,12.728411
813,813.000000,131.169072,1.698113,12.736902
814,814.000000,129.022165,1.698113,12.736902
815,815.000000,127.952320,1.698113,12.736902
816,816.000000,125.150515,1.698113,12.736902
817,817.000000,124.782474,1.698113,12.736902
818,818.000000,119.496392,1.698113,12.736902
819,819.000000,117.033763,1.698113,12.736902
820,820.000000,116.541237,1.698113,12.736902
821,821.000000,116.288660,1.720755,12.906727
822,822.000000,116.288660,1.720755,12.906727
823,823.000000,116.288660,1.720755,12.906727
824,824.000000,117.717526,1.720755,12.906727
825,825.000000,117.876289,1.720755,12.906727
826,826.000000,117.980928,1.720755,12.906727
827,827.000000,123.227320,1.720755,12.906727
828,828.000000,140.969072,1.720755,12.906727
829,829.000000,142.102062,1.743396,13.076553
830,830.000000,143.494845,1.743396,13.076553
831,831.000000,144.743299,1.743396,13.076553
832,832.000000,146.136082,1.766038,13.246378
833,833.000000,146.597938,1.766038,13.246378
834,834.000000,146.619588,1.766038,13.246378
835,835.000000,148.365979,1.766038,13.246378
836,836.000000,149.484536,1.766038,13.246378
837,837.000000,149.484536,1.771981,13.290957
838,838.000000,148.705155,1.788679,13.416203
839,839.000000,146.152320,1.788679,13.416203
840,840.000000,144.144330,1.788679,13.416203
841,841.000000,142.280670,1.788679,13.416203
842,842.000000,142.268041,1.848679,13.866241
843,843.000000,142.268041,1.879245,14.095505
844,844.000000,142.246392,1.879245,14.095505
845,845.000000,138.695876,1.879245,14.095505
846,846.000000,133.803093,1.879245,14.095505
847,847.000000,127.950515,1.879245,14.095505
848,848.000000,121.744330,1.879245,14.095505
849,849.000000,120.587887,1.879245,14.095505
850,850.000000,119.572165,1.879245,14.095505
851,851.000000,119.169845,1.879245,14.095505
852,852.000000,119.030928,1.879245,14.095505
853,853.000000,119.030928,1.879245,14.095505
854,854.000000,118.356186,1.879245,14.095505
855,855.000000,130.884021,1.879245,14.095505
856,856.000000,147.175258,1.924528,14.435155
857,857.000000,145.935825,1.924528,14.435155
858,858.000000,143.585277,1.924528,14.435155
859,859.000000,141.256717,1.924528,14.435155
860,860.000000,138.928157,1.924528,14.435155
861,861.000000,136.599597,1.924528,14.435155
862,862.000000,134.271037,1.924528,14.435155
863,863.000000,131.942477,1.924528,14.435155
864,864.000000,129.613918,1.933585,14.503086
865,865.000000,127.285358,1.947170,14.604981
866,866.000000,124.956798,1.947170,14.604981
867,867.000000,122.628238,1.947170,14.604981
868,868.000000,120.299678,1.947170,14.604981
869,869.000000,117.971118,1.957642,14.683525
870,870.000000,115.642558,1.969811,14.774806
871,871.000000,114.556701,1.969811,14.774806
872,872.000000,114.556701,1.969811,14.774806
873,873.000000,114.572938,1.969811,14.774806
874,874.000000,123.263402,1.969811,14.774806
875,875.000000,125.525773,1.969811,14.774806
876,876.000000,132.020619,1.969811,14.774806
877,877.000000,132.020619,1.992453,14.944632
878,878.000000,131.418041,1.992453,14.944632
879,879.000000,129.797938,1.992453,14.944632
880,880.000000,125.958763,1.992453,14.944632
881,881.000000,127.918977,1.992453,14.944632
882,882.000000,129.879191,1.992453,14.944632
883,883.000000,131.839404,2.015094,15.114457
884,884.000000,133.799618,2.015094,15.114457
885,885.000000,135.759832,2.015094,15.114457
886,886.000000,137.720046,2.015094,15.114457
887,887.000000,139.680260,2.015094,15.114457
888,888.000000,141.640473,2.015094,15.114457
889,889.000000,143.600687,2.015094,15.114457
890,890.000000,145.560901,2.037736,15.284282
891,891.000000,147.521115,2.037736,15.284282
892,892.000000,147.896907,2.037736,15.284282
893,893.000000,147.896907,2.037736,15.284282
894,894.000000,147.896907,2.037736,15.284282
895,895.000000,147.896907,2.037736,15.284282
896,896.000000,147.896907,2.037736,15.284282
897,897.000000,147.469330,2.038019,15.286405
898,898.000000,148.369588,2.060377,15.454108
899,899.000000,149.414175,2.060377,15.454108
900,900.000000,150.314433,2.083019,15.623933
901,901.000000,151.263402,NaN,NaN
902,902.000000,151.793814,NaN,NaN
903,903.000000,151.793814,NaN,NaN
904,904.000000,151.793814,NaN,NaN
905,905.000000,151.793814,NaN,NaN
906,906.000000,151.793814,NaN,NaN
907,907.000000,151.674742,NaN,NaN
908,908.000000,147.009278,NaN,NaN
909,909.000000,144.727062,NaN,NaN
910,910.000000,140.788660,NaN,NaN
911,911.000000,137.938144,NaN,NaN
912,912.000000,137.938144,NaN,NaN
913,913.000000,137.938144,NaN,NaN
914,914.000000,137.938144,NaN,NaN
915,915.000000,137.938144,NaN,NaN
916,916.000000,137.938144,NaN,NaN
917,917.000000,137.793814,NaN,NaN
918,918.000000,137.793814,NaN,NaN
919,919.000000,136.530928,NaN,NaN
920,920.000000,132.092784,NaN,NaN
921,921.000000,131.744588,NaN,NaN
922,922.000000,129.278351,NaN,NaN
923,923.000000,129.027577,NaN,NaN
924,924.000000,126.608247,NaN,NaN
925,925.000000,125.074742,NaN,NaN
926,926.000000,120.384021,NaN,NaN
927,927.000000,115.603093,NaN,NaN
928,928.000000,113.430928,NaN,NaN
929,929.000000,113.402062,NaN,NaN
930,930.000000,113.402062,NaN,NaN
931,931.000000,113.402062,NaN,NaN
932,932.000000,113.402062,NaN,NaN
933,933.000000,113.402062,NaN,NaN
934,934.000000,113.402062,NaN,NaN
935,935.000000,112.806701,NaN,NaN
936,936.000000,111.670103,NaN,NaN
937,937.000000,116.575515,NaN,NaN
938,938.000000,142.268041,NaN,NaN
939,939.000000,142.268041,NaN,NaN
940,940.000000,142.268041,NaN,NaN
941,941.000000,141.986598,NaN,NaN
942,942.000000,137.663918,NaN,NaN
943,943.000000,133.485567,NaN,NaN
944,944.000000,129.162887,NaN,NaN
945,945.000000,124.867268,NaN,NaN
946,946.000000,120.661856,NaN,NaN
947,947.000000,116.339175,NaN,NaN
948,948.000000,113.979381,NaN,NaN
949,949.000000,113.979381,NaN,NaN
950,950.000000,113.979381,NaN,NaN
951,951.000000,113.979381,NaN,NaN
952,952.000000,113.979381,NaN,NaN
953,953.000000,113.979381,NaN,NaN
